abandon	放棄する・見捨てる	v	standard
abolish	廃止する	v	standard
abundant	豊富な	adj	standard
accelerate	加速する	v	standard
access	利用する・接近する	v	standard
accommodate	収容する・対応する	v	standard
accompany	伴う・付き添う	v	standard
accomplish	成し遂げる	v	standard
accurate	正確な	adj	standard
acknowledge	認める・感謝する	v	standard
acquire	獲得する	v	standard
adapt	適応する・改変する	v	standard
adequate	十分な・適切な	adj	standard
advocate	主張する・支持する	v	standard
allocate	割り当てる	v	developed
alter	変える	v	standard
ambiguous	曖昧な	adj	developed
anticipate	予想する	v	developed
apparent	明らかな・見かけの	adj	standard
appreciate	感謝する・理解する	v	standard
arbitrary	任意の・勝手な	adj	developed
assemble	組み立てる・集める	v	standard
assess	評価する	v	standard
assign	割り当てる	v	standard
assure	保証する・安心させる	v	standard
attain	達成する	v	developed
automate	自動化する	v	developed
cease	やめる・終わる	v	developed
clarify	明確にする	v	standard
coherent	首尾一貫した	adj	advanced
coincide	一致する・同時に起こる	v	developed
collaborate	協力する	v	standard
commence	開始する	v	developed
compel	強いる	v	developed
comprehensive	包括的な	adj	advanced
conceive	考えつく	v	advanced
concede	認める・譲歩する	v	advanced
confer	相談する・授与する	v	advanced
confine	限定する	v	developed
conform	従う・一致する	v	advanced
consecutive	連続した	adj	developed
consent	同意する・同意	v	noun	advanced
considerable	かなりの	adj	standard
constitute	構成する	v	advanced
constrain	制約する	v	advanced
consult	相談する	v	standard
contemplate	熟考する	v	advanced
contradict	矛盾する	v	developed
controversial	論争を呼ぶ	adj	standard
convey	伝える・運ぶ	v	developed
coordinate	調整する・調和させる	v	developed
correspond	一致する・通信する	v	developed
crucial	極めて重要な	adj	standard
deduce	推論する	v	advanced
depict	描く・描写する	v	developed
derive	由来する・導き出す	v	developed
diminish	減少する・減らす	v	developed
discrete	個別の	adj	hard
discriminate	差別する・区別する	v	advanced
dispose	処分する	v	developed
distinct	明確に異なる	adj	standard
diverse	多様な	adj	standard
dominate	支配する	v	standard
efficient	効率的な	adj	standard
elaborate	精巧な・詳しく述べる	adj	developed
eliminate	排除する	v	standard
empirical	経験的な	adj	advanced
enhance	高める	v	standard
enormous	巨大な	adj	standard
equivalent	同等の	adj	developed
evoke	呼び起こす	v	advanced
exclude	除外する	v	standard
explicit	明白な・明示的な	adj	developed
exploit	利用する・搾取する	v	advanced
facilitate	容易にする	v	developed
feasible	実行可能な	adj	advanced
fluctuate	変動する	v	developed
formulate	策定する・定式化する	v	advanced
foster	育成する・促進する	v	developed
fulfill	果たす	v	standard
generate	生み出す	v	standard
genuine	本物の・純粋な	adj	standard
grant	許可する・与える	v	standard
highlight	強調する	v	standard
hinder	妨げる	v	developed
hypothesis	仮説	n	advanced
illustrate	説明する・例示する	v	standard
implement	実施する	v	developed
implicit	暗黙の	adj	advanced
induce	引き起こす・誘導する	v	advanced
inevitable	避けられない	adj	developed
infer	推論する	v	developed
inhibit	抑制する	v	advanced
integral	不可欠な・積分の	adj	advanced
integrate	統合する	v	developed
intense	強烈な	adj	standard
intervene	介入する	v	advanced
isolate	孤立させる・分離する	v	standard
likewise	同様に	adv	standard
magnitude	大きさ		n	hard
mature	成熟した・成熟する	adj	standard
mediate	仲介する	v	advanced
modify	修正する	v	standard
nevertheless	それにもかかわらず	adv	developed
notion	概念・考え		n	developed
obscure	不明瞭な・隠す	adj	advanced
persist	持続する	v	developed
plausible	もっともらしい	adj	advanced
precise	正確な	adj	standard
predominant	支配的な	adj	advanced
preliminary	予備の	adj	advanced
presume	推定する	v	advanced
profound	深い・重大な	adj	advanced
prohibit	禁止する	v	developed
prominent	著名な・目立つ	adj	developed
proportion	割合		n	standard
pursue	追求する	v	standard
radical	根本的な・急進的な	adj	advanced
rational	合理的な	adj	developed
refine	洗練する・改良する	v	advanced
reluctant	気が進まない	adj	developed
relevant	関連性のある	adj	standard
reside	住む	v	advanced
resolve	解決する・決意する	v	standard
retain	保持する	v	developed
reveal	明らかにする	v	standard
rigid	硬直した	adj	advanced
subsequent	その後の	adj	advanced
substitute	代わりにする・代用品	v	standard
sufficient	十分な	adj	standard
suspend	一時停止する	v	developed
sustain	維持する	v	developed
terminate	終える	v	advanced
transform	変える	v	standard
trigger	引き起こす	v	standard
undergo	経験する・受ける	v	developed
underlying	根底にある	adj	advanced
unify	統一する	v	advanced
utilize	利用する	v	developed
valid	妥当な・有効な	adj	standard
viable	実行可能な	adj	advanced
virtually	ほとんど・実質的に	adv	standard
whereas	～である一方	conj	developed
withstand	耐える	v	advanced
widespread	広範囲に及ぶ	adj	standard
acquisition	獲得・取得		n	developed
adaptation	適応・改作		n	developed
administrative	行政上の	adj	advanced
admission	入場・入学		n	standard
advocate	擁護者・支持する	v	developed
agricultural	農業の	adj	standard
alternative	代替の・代替物	adj	standard
ambition	野心・願望		n	standard
amend	修正する	v	advanced
applicable	適用できる	adj	advanced
appointment	予約・任命		n	standard
architecture	建築		n	standard
archive	記録保管所・保存する		n	developed
arise	生じる	v	developed
artificial	人工的な	adj	standard
assumption	仮定・当然の考え		n	developed
attachment	付属品・愛着		n	standard
autonomous	自律的な	adj	hard
bias	偏見・偏り		n	standard
capacity	能力・容量		n	standard
category	分類・範疇		n	standard
coincidence	偶然の一致		n	standard
commodity	商品・日用品		n	advanced
compensation	補償		n	advanced
competence	能力		n	developed
complexity	複雑さ		n	developed
component	構成要素		n	standard
concentration	集中・濃度		n	standard
conclusion	結論		n	standard
conflict	対立・衝突		n	standard
consequence	結果・影響		n	standard
conservation	保存・保全		n	developed
consumption	消費		n	standard
convention	慣習・大会		n	developed
cooperation	協力		n	standard
criterion	基準		n	advanced
deficiency	不足		n	advanced
departure	出発・離脱		n	standard
distribution	分配・流通		n	developed
dynamic	動的な	adj	developed
ecology	生態学		n	advanced
edition	版・編集版		n	standard
emission	排出・放出		n	developed
enforcement	施行・強制		n	advanced
equation	方程式		n	standard
exception	例外		n	standard
exposure	曝露・露出		n	developed
framework	枠組み		n	developed
frequency	頻度・周波数		n	standard
fundamental	基本的な	adj	standard
guideline	指針		n	developed
ignorance	無知		n	advanced
incentive	動機・奨励策		n	advanced
incidence	発生率・出来事		n	advanced
innovation	革新		n	standard
inspection	検査		n	developed
institution	制度・機関		n	standard
interaction	相互作用		n	standard
interpretation	解釈		n	standard
interval	間隔		n	standard
investigation	調査・捜査		n	standard
legislation	法律・立法		n	advanced
liberal	自由主義の・寛大な	adj	advanced
mechanism	仕組み		n	developed
methodology	方法論		n	hard
motivation	動機		n	standard
obligation	義務		n	standard
orientation	方向づけ・方針		n	developed
parameter	パラメータ		n	hard
phenomenon	現象		n	standard
priority	優先事項		n	standard
procedure	手順		n	standard
publication	出版・刊行物		n	standard
regulation	規制		n	standard
restriction	制限		n	standard
scenario	筋書き・想定		n	developed
significance	重要性・意義		n	developed
substitute	代替物		n	standard
technique	技術・手法		n	standard
tendency	傾向		n	standard
territory	領土・領域		n	standard
tradition	伝統		n	standard
transmission	伝達・送信		n	developed
variation	変化・変異		n	standard
welfare	福祉		n	developed
abnormal	異常な	adj	developed
abstract	抽象的な・要約	adj	developed
academic	学術的な	adj	standard
accessible	利用しやすい・アクセス可能な	adj	standard
accomplished	熟達した	adj	developed
accidental	偶然の	adj	standard
accustomed	慣れている	adj	standard
adequately	十分に	adv	standard
alternatively	あるいは	adv	standard
annually	毎年	adv	standard
approximately	約・およそ	adv	standard
automatically	自動的に	adv	standard
barely	かろうじて	adv	developed
briefly	簡潔に	adv	standard
comparatively	比較的	adv	developed
consequently	その結果	adv	developed
considerably	かなり	adv	standard
consistently	一貫して	adv	developed
concurrently	同時に	adv	advanced
conversely	逆に	adv	advanced
deliberately	故意に・慎重に	adv	developed
eventually	最終的に	adv	standard
frequently	頻繁に	adv	standard
generally	一般に	adv	standard
inevitably	必然的に	adv	developed
initially	最初は	adv	standard
largely	主として	adv	standard
merely	単に	adv	standard
notably	特に・著しく	adv	developed
occasionally	時折	adv	standard
otherwise	さもなければ・別の方法で	adv	standard
partially	部分的に	adv	standard
potentially	潜在的に	adv	standard
presumably	おそらく	adv	developed
primarily	主に	adv	standard
relatively	比較的	adv	standard
roughly	おおよそ	adv	standard
simultaneously	同時に	adv	developed
specifically	具体的に・特に	adv	standard
ultimately	最終的に	adv	developed
widely	広く	adv	standard
absorb	吸収する	v	standard
accelerate	加速する	v	standard
acknowledge	認める	v	standard
activate	活性化する	v	developed
administer	管理する・施行する	v	advanced
alter	変更する	v	standard
amplify	増幅する	v	advanced
approximate	近似する	v	developed
arrest	逮捕する・止める	v	standard
assemble	集める・組み立てる	v	standard
assert	主張する	v	advanced
assign	割り当てる	v	standard
attain	達成する	v	developed
attribute	～のせいにする・属性	v	advanced
authorize	認可する	v	advanced
calculate	計算する	v	standard
capture	捕らえる・捉える	v	standard
cease	終える	v	developed
challenge	挑戦する・異議を唱える	v	standard
circulate	循環する・広まる	v	developed
collapse	崩壊する・崩壊させる	v	standard
commute	通勤する	v	standard
compensate	補償する	v	developed
compile	編集する・まとめる	v	advanced
complement	補完する	v	advanced
complicate	複雑にする	v	standard
compose	構成する・作曲する	v	standard
comprise	構成する	v	advanced
conceal	隠す	v	developed
concentrate	集中する・濃縮する	v	standard
conduct	行う・指揮する	v	standard
confront	直面する	v	standard
conserve	保存する	v	developed
consolidate	統合する・強化する	v	advanced
construct	建設する・構築する	v	standard
consume	消費する	v	standard
contribute	貢献する	v	standard
convert	変換する・改宗させる	v	standard
cultivate	耕す・育成する	v	developed
detect	検出する	v	standard
devise	考案する	v	developed
display	表示する・展示する	v	standard
distribute	分配する	v	standard
document	記録する	v	standard
draft	下書きを作る	v	standard
drain	排出する・乾かす	v	developed
dominate	支配する	v	standard
draft	草案を作る	v	standard
educate	教育する	v	standard
emerge	現れる	v	standard
emphasize	強調する	v	standard
encounter	遭遇する	v	standard
enforce	施行する・強制する	v	developed
enlarge	拡大する	v	standard
ensure	確実にする	v	standard
estimate	推定する	v	standard
evaluate	評価する	v	standard
exhibit	展示する・示す	v	developed
expand	拡大する	v	standard
explore	探究する	v	standard
extract	抽出する	v	developed
fascinate	魅了する	v	standard
flourish	栄える	v	advanced
generate	生み出す	v	standard
govern	統治する	v	developed
guarantee	保証する	v	standard
handle	扱う	v	standard
identify	特定する	v	standard
illustrate	例示する	v	standard
impose	課す	v	developed
incorporate	組み込む	v	developed
indicate	示す	v	standard
justify	正当化する	v	developed
launch	開始する・発射する	v	standard
manipulate	操作する	v	advanced
migrate	移住する	v	developed
minimize	最小限にする	v	developed
monitor	監視する	v	standard
negotiate	交渉する	v	standard
occupy	占める・占領する	v	standard
optimize	最適化する	v	advanced
originate	始まる・起源を持つ	v	advanced
overcome	克服する	v	standard
perceive	知覚する・理解する	v	advanced
persist	持続する	v	developed
pose	提起する・ポーズをとる	v	standard
precede	先行する	v	advanced
predict	予測する	v	standard
preserve	保存する	v	standard
proceed	進む	v	standard
promote	促進する・昇進させる	v	standard
propose	提案する	v	standard
pursue	追求する	v	standard
reconstruct	再構成する	v	advanced
recover	回復する	v	standard
regulate	規制する	v	standard
reinforce	強化する	v	developed
reject	拒絶する	v	standard
restore	回復する・復元する	v	standard
restrict	制限する	v	standard
retrieve	取り戻す・検索する	v	developed
revise	修正する	v	standard
simulate	模擬する	v	advanced
specify	明記する	v	developed
stimulate	刺激する	v	advanced
submit	提出する	v	standard
summarize	要約する	v	standard
supplement	補う・補足する	v	developed
surpass	上回る	v	developed
trace	追跡する・たどる	v	standard
transmit	伝える・送信する	v	standard
transport	運ぶ	v	standard
trigger	引き起こす	v	standard
underestimate	過小評価する	v	developed
undertake	引き受ける・着手する	v	developed
validate	妥当性を確認する	v	advanced
vary	異なる・変化する	v	standard
widespread	広く普及した	adj	standard
abstract	抽象的な	adj	developed
abundant	豊富な	adj	standard
accurate	正確な	adj	standard
adverse	不利な・有害な	adj	advanced
aggressive	攻撃的な	adj	standard
alert	警戒して	adj	standard
alternative	代替の	adj	standard
ambitious	野心的な	adj	standard
apparent	明白な・見かけの	adj	standard
appropriate	適切な	adj	standard
artificial	人工的な	adj	standard
authentic	本物の	adj	developed
automatic	自動の	adj	standard
beneficial	有益な	adj	standard
brief	短い・簡潔な	adj	standard
capable	有能な・可能な	adj	standard
cautious	慎重な	adj	developed
chronic	慢性的な	adj	advanced
civil	市民の・礼儀正しい	adj	standard
clinical	臨床の	adj	advanced
coherent	首尾一貫した	adj	advanced
collective	集団の	adj	developed
commercial	商業の	adj	standard
compatible	両立する	adj	developed
competent	有能な	adj	developed
competitive	競争力のある	adj	standard
concrete	具体的な	adj	standard
considerable	かなりの	adj	standard
consistent	一貫した	adj	standard
contemporary	現代の	adj	standard
contrary	反対の	adj	developed
conventional	従来の	adj	standard
crucial	極めて重要な	adj	standard
curious	好奇心の強い	adj	standard
definite	明確な・確定した	adj	standard
dense	密集した・濃い	adj	developed
desirable	望ましい	adj	developed
desperate	必死の	adj	standard
deterministic	決定論的な	adj	hard
devoted	献身的な	adj	standard
digital	デジタルの	adj	standard
diverse	多様な	adj	standard
domestic	国内の・家庭の	adj	standard
dominant	支配的な	adj	developed
economic	経済の	adj	standard
efficient	効率的な	adj	standard
equivalent	同等の	adj	developed
ethical	倫理的な	adj	developed
evident	明白な	adj	developed
excessive	過度の	adj	standard
external	外部の	adj	standard
flexible	柔軟な	adj	standard
frequent	頻繁な	adj	standard
fundamental	基本的な	adj	standard
global	世界的な	adj	standard
harmful	有害な	adj	standard
identical	同一の	adj	standard
independent	独立した	adj	standard
inevitable	避けられない	adj	developed
innovative	革新的な	adj	standard
intellectual	知的な・知識人の	adj	developed
interior	内部の	adj	standard
internal	内部の	adj	standard
legitimate	正当な	adj	developed
liberal	自由主義の・寛大な	adj	advanced
logical	論理的な	adj	standard
massive	巨大な	adj	standard
mutual	相互の	adj	standard
neutral	中立の	adj	standard
obvious	明らかな	adj	standard
overall	全体的な	adj	standard
parallel	平行な	adj	developed
persistent	持続する	adj	developed
potential	潜在的な	adj	standard
practical	実用的な	adj	standard
precise	正確な	adj	standard
predominant	主要な	adj	advanced
preliminary	予備の	adj	advanced
primary	主要な	adj	standard
private	私的な	adj	standard
productive	生産的な	adj	standard
professional	専門的な	adj	standard
profound	深い	adj	advanced
progressive	進歩的な	adj	developed
reasonable	合理的な	adj	standard
reliable	信頼できる	adj	standard
remote	遠隔の	adj	standard
relevant	関連する	adj	standard
remarkable	注目すべき	adj	standard
repetitive	反復的な	adj	developed
resistant	抵抗力のある	adj	developed
rigid	硬直した	adj	advanced
rural	田舎の	adj	standard
secure	安全な・確保された	adj	standard
severe	厳しい・深刻な	adj	developed
significant	重要な・かなりの	adj	standard
similar	似た	adj	standard
sophisticated	洗練された	adj	advanced
stable	安定した	adj	standard
substantial	かなりの・実質的な	adj	developed
subtle	微妙な	adj	advanced
temporary	一時的な	adj	standard
theoretical	理論上の	adj	advanced
traditional	伝統的な	adj	standard
unique	独特の	adj	standard
universal	普遍的な	adj	developed
urban	都市の	adj	standard
valid	妥当な	adj	standard
visible	目に見える	adj	standard
voluntary	自発的な・任意の	adj	developed
vulnerable	傷つきやすい	adj	advanced
annual	年1回の	adj	standard
anxiety	不安		n	standard
assurance	保証・安心		n	developed
awareness	認識		n	standard
barrier	障壁		n	standard
behavior	行動		n	standard
capacity	能力・容量		n	standard
challenge	課題・挑戦		n	standard
charity	慈善・慈善団体		n	standard
circumstance	状況		n	standard
commitment	献身・約束		n	standard
comparison	比較		n	standard
compromise	妥協		n	developed
confidence	自信		n	standard
consequence	結果		n	standard
constraint	制約		n	developed
contribution	貢献		n	standard
controversy	論争		n	standard
convenience	便利さ		n	standard
cooperation	協力		n	standard
criticism	批判		n	standard
deficit	赤字・不足		n	developed
demand	需要・要求		n	standard
depression	落ち込み・不況		n	standard
desire	願望		n	standard
dilemma	ジレンマ		n	developed
dimension	側面・寸法		n	developed
diversity	多様性		n	standard
documentation	文書・記録		n	developed
dominance	支配・優位		n	advanced
efficiency	効率		n	standard
emphasis	強調		n	standard
enterprise	企業・事業		n	developed
enthusiasm	熱意		n	standard
environment	環境		n	standard
equity	公平・公正		n	advanced
exceptional	例外的な	adj	developed
expansion	拡大		n	standard
expertise	専門知識		n	developed
exposure	露出・曝露		n	developed
facility	施設・能力		n	standard
factor	要因		n	standard
flexibility	柔軟性		n	developed
foundation	基盤		n	standard
frequency	頻度		n	standard
function	機能・関数		n	standard
guidance	指導・案内		n	standard
impact	影響		n	standard
implication	含意・影響		n	advanced
infrastructure	社会基盤		n	advanced
insight	洞察		n	developed
integrity	誠実さ・完全性		n	advanced
intensity	強度・激しさ		n	advanced
interaction	相互作用		n	standard
intervention	介入		n	advanced
investment	投資		n	standard
knowledge	知識		n	standard
limitation	制限		n	standard
majority	大多数		n	standard
minority	少数派		n	standard
momentum	勢い・運動量		n	advanced
outcome	結果		n	standard
perspective	視点		n	standard
phenomenon	現象		n	standard
policy	政策・方針		n	standard
potential	可能性		n	standard
principle	原理・原則		n	standard
priority	優先事項		n	standard
prospect	見込み・展望		n	developed
reputation	評判		n	standard
resource	資源・資料		n	standard
resilience	回復力		n	advanced
revenue	収益		n	developed
sequence	順序・連続		n	standard
strategy	戦略		n	standard
structure	構造		n	standard
substance	物質・本質		n	standard
subsidy	補助金		n	advanced
symbol	象徴・記号		n	standard
transition	移行		n	developed
trend	傾向		n	standard
utility	有用性・公共設備		n	developed
version	版・型		n	standard
victim	被害者		n	standard
virtue	美徳		n	advanced
volume	量・巻・音量		n	standard
withdrawal	撤回・引き出し		n	developed
across	横切って	prep	basic
alongside	～のそばに	prep	standard
amid	～の真ん中で	prep	developed
beyond	～を越えて	prep	standard
despite	～にもかかわらず	prep	standard
except	～を除いて	prep	basic
inside	～の中に	prep	basic
outside	～の外に	prep	basic
regarding	～に関して	prep	standard
throughout	～の至る所に	prep	standard
toward	～に向かって	prep	basic
underneath	～の真下に	prep	developed
via	～経由で	prep	standard
within	～以内に	prep	standard
although	～だけれども	conj	basic
wherever	どこで～しても	conj	standard
whenever	～するときはいつでも	conj	standard
whether	～かどうか	conj	basic
unless	～でない限り	conj	standard
provided	～という条件で	conj	developed

acknowledgement	承認・認識	n	standard
acquaintance	知人・面識	n	standard
affection	愛情	n	standard
agency	機関・代理店	n	standard
alertness	警戒心	n	developed
anecdote	逸話	n	advanced
appliance	器具・家電	n	standard
applicant	応募者	n	standard
appraisal	評価・査定	n	advanced
articulation	明確な表現・関節の動き	n	advanced
assertion	主張	n	advanced
assistance	援助	n	standard
attitude	態度・考え方	n	standard
authority	権威・当局	n	standard
availability	利用可能性	n	standard
benefit	利益・恩恵	n	standard
capability	能力	n	developed
casualty	死傷者・犠牲者	n	advanced
certainty	確実性	n	standard
clause	節・条項	n	developed
classification	分類	n	developed
coalition	連合	n	advanced
collaboration	共同作業	n	standard
colonial	植民地の	adj	advanced
competitor	競争相手	n	standard
complex	複合体・複雑なもの	n	standard
compliance	順守	n	advanced
concession	譲歩・利権	n	advanced
configuration	構成・設定	n	advanced
conformity	一致・適合	n	advanced
consensus	合意		n	advanced
consistency	一貫性	n	developed
contemporary	同時代の・現代の	adj	standard
controversial	論争のある	adj	standard
contributor	貢献者・寄稿者	n	standard
convergence	収束・集中	n	advanced
conviction	確信・有罪判決	n	advanced
credibility	信頼性	n	developed
curiosity	好奇心	n	standard
custody	保護・拘留	n	advanced
debate	討論		n	standard
decision	決定	n	standard
declaration	宣言	n	standard
definition	定義	n	standard
demonstration	実演・証明	n	standard
dependency	依存	n	advanced
disclosure	開示	n	advanced
discretion	裁量・慎重さ	n	advanced
disposal	処分	n	advanced
distinction	区別・優秀さ	n	standard
distortion	歪み		n	advanced
documentary	記録映画・記録の	adj	standard
domain	領域・分野	n	developed
duration	持続期間	n	standard
eligibility	資格・適格性	n	advanced
emergence	出現		n	standard
encouragement	励まし	n	standard
engagement	関与・婚約	n	standard
enhancement	向上	n	developed
enrollment	登録・入学		n	standard
enterprise	企業・冒険的事業	n	developed
enthusiast	愛好家	n	standard
equity	公正・公平	n	advanced
essay	随筆・小論文	n	basic
estimate	見積もり・推定	n	standard
examination	試験・検査	n	basic
exceptional	例外的な	adj	developed
exclusion	除外	n	standard
execution	実行・処刑	n	advanced
expectation	期待	n	standard
expenditure	支出	n	advanced
experiment	実験	n	standard
expert	専門家	n	basic
exploitation	搾取・開発	n	advanced
extension	拡張・延長	n	standard
factorial	階乗の	adj	hard
feasibility	実現可能性	n	advanced
feminist	女性解放論者・フェミニスト	adj	developed
forecast	予測・予報	n	standard
fragment	断片	n	standard
fulfillment	達成・実現	n	developed
funding	資金援助	n	standard
gradual	徐々の	adj	standard
grant	助成金	n	standard
gravity	重力・重大さ	n	standard
hierarchy	階層		n	advanced
identification	確認・身元確認	n	standard
ideology	思想・イデオロギー	n	advanced
imitation	模倣	n	standard
implementation	実施	n	advanced
inclusion	包含	n	standard
indication	兆候・指示	n	standard
individuality	個性	n	developed
inequality	不平等		n	standard
inheritance	遺産・継承	n	advanced
inquiry	問い合わせ・調査	n	standard
insertion	挿入	n	advanced
inspection	検査	n	standard
instruction	指示・説明	n	basic
intention	意図	n	standard
interval	間隔	n	standard
intrusion	侵入	n	advanced
invasion	侵略		n	standard
investment	投資	n	standard
jurisdiction	管轄権	n	hard
laboratory	研究室	n	standard
landscape	風景・景観	n	standard
leadership	指導力	n	standard
legitimacy	正当性	n	advanced
liberty	自由	n	developed
likelihood	可能性	n	standard
literacy	読み書き能力	n	standard
logic	論理	n	standard
maintenance	維持・保守	n	standard
manipulation	操作・巧妙な誘導	n	advanced
manifestation	現れ		n	hard
migration	移住・移動	n	standard
minority	少数派	n	standard
mobility	移動性・機動性	n	developed
necessity	必要性	n	standard
neutrality	中立	n	advanced
notification	通知	n	standard
observation	観察	n	standard
opponent	対戦相手・反対者	n	standard
optimization	最適化	n	advanced
paradox	逆説	n	hard
participation	参加	n	standard
perception	認識・知覚	n	standard
persistence	持続性	n	developed
philosophy	哲学	n	standard
precision	正確さ	n	standard
prediction	予測	n	standard
preference	好み・選好	n	standard
preservation	保存・保護	n	standard
probability	確率・可能性	n	standard
productivity	生産性	n	developed
prohibition	禁止	n	developed
projection	予測・投影	n	developed
promotion	促進・昇進	n	standard
proposition	提案・命題	n	advanced
prosecution	起訴・訴追	n	advanced
qualification	資格・資質	n	standard
quotation	引用・見積額	n	standard
recognition	認識・評価	n	standard
recovery	回復・回収	n	standard
reduction	削減・減少	n	standard
refusal	拒否	n	standard
regression	後退・回帰	n	hard
reinforcement	強化	n	developed
replacement	交換・代替品	n	standard
representation	代表・表現	n	standard
reproduction	再生・複製	n	developed
resistance	抵抗	n	standard
resolution	解決・決議・解像度	n	standard
restoration	復元・回復	n	standard
revolution	革命・回転	n	standard
safeguard	保護手段		n	advanced
settlement	解決・定住	n	standard
shortage	不足	n	standard
simultaneity	同時性	n	hard
spectrum	範囲・スペクトル	n	advanced
stability	安定性	n	standard
statistic	統計値	n	standard
subdivision	細分	n	advanced
submission	提出・服従	n	standard
supervision	監督	n	standard
susceptibility	影響を受けやすいこと	n	hard
symbolism	象徴性	n	advanced
synthesis	統合・合成	n	advanced
temporary	一時的な	adj	standard
termination	終了	n	standard
threshold	閾値		n	advanced
tolerance	許容度・寛容	n	advanced
transaction	取引	n	standard
transformation	変換・変革	n	standard
transparency	透明性	n	developed
uncertainty	不確実性	n	standard
variation	変動・変異	n	standard
verification	検証	n	developed
vulnerability	脆弱性	n	advanced
withdrawal	撤退・引き出し	n	developed
abruptly	突然に	adv	developed
accurately	正確に	adv	standard
adequate	十分な	adj	standard
apparently	どうやら・見たところ	adv	standard
approximately	約	adv	standard
arguably	主張することもできるほど	adv	advanced
collectively	集団として	adv	developed
comparatively	比較的	adv	developed
consequently	その結果	adv	developed
considerately	思いやりを持って	adv	developed
deliberately	故意に	adv	standard
directly	直接に	adv	basic
essentially	本質的に	adv	standard
equally	等しく	adv	standard
evidently	明らかに	adv	developed
extensively	広範囲に	adv	developed
fundamentally	根本的に	adv	developed
incidentally	ちなみに	adv	developed
increasingly	ますます	adv	standard
independently	独立して	adv	standard
merely	単に	adv	standard
naturally	自然に	adv	basic
necessarily	必ずしも・必然的に	adv	standard
partly	部分的に	adv	basic
precisely	正確に	adv	standard
previously	以前に	adv	basic
randomly	無作為に	adv	standard
rarely	めったに～ない	adv	basic
respectively	それぞれ	adv	developed
roughly	おおよそ	adv	standard
strictly	厳密に	adv	standard
substantially	大幅に・実質的に	adv	developed
technically	技術的に	adv	standard
thereby	それによって	adv	advanced
typically	典型的に	adv	standard
virtually	事実上	adv	standard
voluntarily	自発的に	adv	developed
accordingly	それに応じて	adv	developed
activity	活動		n	basic
aggression	攻撃性	n	standard
agriculture	農業	n	basic
ambition	野心・願望	n	standard
amendment	修正・改正	n	advanced
anomaly	異常・例外	n	advanced
appetite	食欲		n	basic
apprehension	不安・理解		n	advanced
argument	議論・主張	n	basic
aspect	側面		n	standard
assistance	援助	n	standard
attraction	魅力・引力	n	standard
availability	利用可能性	n	standard
awareness	認識	n	standard
breakthrough	画期的進歩	n	standard
campaign	運動・キャンペーン	n	basic
capability	能力		n	developed
characteristic	特徴		n	standard
circumstance	事情・状況	n	standard
clarity	明瞭さ		n	standard
classification	分類	n	developed
combination	組み合わせ	n	basic
competence	能力	n	developed
complexity	複雑さ	n	standard
conception	概念・構想	n	advanced
concentration	集中・濃度	n	standard
conservation	保存・保全	n	standard
construction	建設・構築	n	basic
consumption	消費	n	standard
coordination	調整		n	developed
corporation	法人・企業	n	standard
correlation	相関		n	advanced
creativity	創造性	n	standard
criterion	基準	n	advanced
criticism	批判	n	standard
curiosity	好奇心	n	standard
deadline	締め切り	n	basic
dedication	献身		n	standard
democracy	民主主義	n	standard
density	密度	n	standard
dependence	依存	n	standard
disaster	災害		n	basic
dispute	論争・争い	n	standard
distinction	区別・優秀さ	n	standard
drawback	欠点	n	standard
economy	経済・節約		n	basic
emergency	緊急事態	n	basic
emphasis	強調	n	standard
encounter	遭遇		n	standard
engagement	関与・婚約	n	standard
environmentalism	環境保護主義	n	advanced
ethics	倫理	n	standard
exposure	露出・曝露	n	developed
extension	拡張		n	standard
facility	施設・設備	n	basic
factor	要因・因子	n	basic
fundamental	基本原理		n	standard
generation	世代・生成	n	basic
guideline	指針		n	standard
heritage	遺産		n	standard
hypothesis	仮説	n	advanced
identity	身元・同一性	n	standard
illusion	錯覚		n	standard
impact	影響	n	basic
innovation	革新	n	standard
instruction	指示・教育	n	basic
intention	意図	n	standard
interference	干渉	n	advanced
interpretation	解釈	n	standard
interruption	中断	n	standard
landmark	目印・画期的事件	n	standard
legislation	法律・立法	n	advanced
liberty	自由		n	developed
lifestyle	生活様式	n	basic
literature	文学	n	basic
location	場所		n	basic
mechanism	仕組み	n	developed
minority	少数派	n	standard
motivation	動機		n	basic
necessity	必要性	n	standard
network	ネットワーク		n	basic
notion	考え・概念	n	standard
obstacle	障害	n	standard
option	選択肢	n	basic
outlook	見通し・見解	n	standard
parameter	パラメータ		n	advanced
participant	参加者	n	basic
phenomenon	現象	n	standard
platform	基盤・舞台		n	basic
policy	政策・方針	n	basic
possibility	可能性	n	basic
precedent	前例	n	advanced
procedure	手順		n	standard
proportion	割合	n	standard
prosperity	繁栄	n	developed
provision	供給・規定	n	advanced
relevance	関連性	n	standard
requirement	必要条件		n	standard
reservation	予約・保留	n	basic
restriction	制限	n	standard
revolutionary	革命的な	adj	developed
scope	範囲		n	standard
security	安全・安全保障	n	basic
shift	変化・移行		n	standard
shortcoming	欠点	n	developed
skill	技能		n	basic
society	社会		n	basic
solution	解決策		n	basic
source	源・出典		n	basic
standardization	標準化	n	advanced
status	状態・地位	n	standard
substitute	代用品・代替案	n	standard
survival	生存		n	basic
suspicion	疑い		n	standard
symptom	症状		n	standard
target	目標・標的	n	basic
theory	理論		n	basic
tradition	伝統		n	basic
transfer	移転・転送		n	standard
trend	傾向	n	basic
uncertainty	不確実性	n	standard
upgrade	改良・更新	n	basic
usage	使用法	n	basic
validity	妥当性	n	advanced
variable	変数・可変のもの	n	standard
witness	目撃者		n	standard
acquire	身につける・獲得する	v	standard
administer	管理する・施行する	v	advanced
adopt	採用する・養子にする	v	standard
affect	影響を及ぼす	v	standard
aggregate	集計する・総計する	v	advanced
align	整列させる・一致させる	v	developed
anticipate	予想する	v	standard
appeal	訴える・魅力がある	v	standard
arrest	逮捕する・停止する	v	standard
ascend	上昇する	v	advanced
assert	主張する	v	advanced
attribute	～のせいだと考える	v	advanced
authorize	認可する	v	advanced
boost	高める	v	standard
broaden	広げる	v	standard
calculate	計算する	v	standard
capture	捕らえる・捉える	v	standard
cease	やめる	v	developed
characterize	特徴づける	v	advanced
clarify	明確にする	v	standard
classify	分類する	v	standard
coexist	共存する	v	developed
coincide	一致する	v	developed
compile	編集する・まとめる	v	advanced
complement	補完する	v	advanced
compromise	妥協する	v	developed
conceive	考えつく	v	advanced
conclude	結論づける	v	standard
condemn	非難する	v	advanced
confront	直面する	v	standard
consolidate	強化・統合する	v	advanced
constitute	構成する	v	advanced
contemplate	熟考する	v	advanced
contradict	矛盾する	v	developed
contribute	貢献する	v	standard
convert	変換する	v	standard
cope	対処する	v	standard
correlate	相関する	v	advanced
cultivate	育てる・耕す	v	developed
demonstrate	示す・実演する	v	standard
depict	描写する	v	developed
derive	導き出す・由来する	v	standard
deteriorate	悪化する	v	advanced
devote	ささげる	v	standard
diagnose	診断する	v	advanced
differentiate	区別する	v	advanced
disclose	明らかにする	v	advanced
display	展示する・表示する	v	standard
distinguish	区別する	v	standard
elaborate	詳しく述べる	v	developed
eliminate	排除する	v	standard
embody	具体化する	v	advanced
emphasize	強調する	v	standard
empower	権限を与える	v	developed
enact	制定する・演じる	v	advanced
encounter	遭遇する	v	standard
enforce	施行する	v	developed
enhance	高める	v	standard
ensure	確実にする	v	standard
envision	思い描く	v	advanced
equate	同等とみなす	v	advanced
evaluate	評価する	v	standard
exceed	上回る	v	standard
exclude	除外する	v	standard
exploit	利用する・搾取する	v	advanced
facilitate	容易にする	v	developed
foster	促進する・育てる	v	developed
formulate	策定する	v	advanced
fulfill	果たす	v	standard
generate	生み出す	v	standard
highlight	強調する	v	standard
hinder	妨げる	v	developed
implement	実施する	v	developed
impose	課す	v	developed
incur	被る・負う	v	advanced
induce	引き起こす	v	advanced
infer	推論する	v	developed
initiate	開始する	v	developed
innovate	革新する	v	advanced
integrate	統合する	v	standard
interpret	解釈する	v	standard
intervene	介入する	v	advanced
justify	正当化する	v	developed
leverage	活用する	v	advanced
maintain	維持する	v	basic
modify	修正する	v	standard
negotiate	交渉する	v	standard
observe	観察する	v	basic
obtain	得る	v	standard
offset	相殺する	v	developed
optimize	最適化する	v	advanced
orient	方向づける	v	advanced
overlap	重なる	v	developed
perceive	知覚する・理解する	v	advanced
persist	持続する	v	developed
pose	提起する・ポーズをとる	v	standard
precede	先行する	v	advanced
presume	推定する	v	advanced
prohibit	禁止する	v	developed
promote	促進する	v	standard
propose	提案する	v	standard
provoke	引き起こす	v	developed
pursue	追求する	v	standard
reassess	再評価する	v	advanced
refine	改良する	v	advanced
reinforce	強化する	v	developed
render	～にする・表現する	v	advanced
reside	居住する	v	advanced
retain	保持する	v	developed
reverse	逆転させる	v	standard
reveal	明らかにする	v	standard
revise	修正する	v	standard
simulate	模擬する	v	advanced
specify	明記する	v	developed
stimulate	刺激する	v	advanced
substantiate	裏付ける	v	hard
suppress	抑える	v	advanced
sustain	維持する	v	developed
terminate	終える	v	advanced
transform	変える	v	standard
transmit	伝達する	v	standard
undergo	経験する・受ける	v	developed
undermine	損なう	v	advanced
unify	統一する	v	advanced
utilize	利用する	v	developed
validate	妥当性を確認する	v	advanced
violate	違反する	v	standard
warrant	正当化する・保証する	v	advanced
widen	広げる	v	standard
withdraw	引き出す・撤回する	v	standard
withstand	耐える	v	advanced
abolition	廃止・撤廃	n	developed
abundant	豊富な	adj	standard
accelerated	加速した・促進された	adj	standard
accumulation	蓄積	n	developed
acknowledgment	認識・謝辞	n	developed
adaptation	適応・改作	n	standard
additional	追加の	adj	standard
adjacent	隣接した	adj	developed
adolescent	青年期の・青年	n	standard
advocacy	擁護・支持	n	developed
aggregate	総計・集計する	n	advanced
aggression	攻撃性・侵略	n	developed
agricultural	農業の	adj	standard
alleviate	軽減する	v	advanced
ambition	野心・大志	n	standard
amend	修正する	v	advanced
amendment	修正・改正	n	advanced
analytical	分析的な	adj	developed
ancestor	祖先	n	standard
animation	動画・アニメーション	n	standard
anticipation	予想・期待	n	developed
apparatus	器具・装置	n	advanced
applicable	適用できる	adj	developed
apprehend	理解する・逮捕する	v	hard
arbitrary	恣意的な・任意の	adj	advanced
archive	記録保管所・保存する	n	developed
articulate	明瞭に表現する・明瞭な	v	advanced
aspiration	熱望・願望	n	developed
assemble	組み立てる・集める	v	developed
assertion	主張	n	developed
assignable	割り当て可能な	adj	hard
assumption	仮定・思い込み	n	developed
attainment	達成・到達	n	developed
authentic	本物の・真正な	adj	advanced
authorize	許可する	v	developed
autonomy	自律性	n	advanced
benchmark	基準・指標	n	advanced
bias	偏見・偏り	n	developed
bizarre	奇妙な	adj	advanced
blunt	鈍い・率直な	adj	advanced
boom	急成長・急増する	n	standard
breakthrough	大発見・突破口	n	developed
bureaucracy	官僚制度	n	advanced
capability	能力	n	standard
capacity	能力・収容力	n	standard
cease	やめる・停止する	v	advanced
clarify	明らかにする	v	standard
coherent	首尾一貫した	adj	advanced
coincide	一致する	v	advanced
collaborate	協力する	v	developed
compelling	説得力のある	adj	advanced
compensate	補償する・埋め合わせる	v	advanced
compliance	従うこと・順守	n	advanced
comprehensive	包括的な	adj	advanced
conceive	思いつく・考える	v	advanced
concession	譲歩	n	advanced
consecutive	連続した	adj	advanced
constitute	構成する	v	advanced
constraint	制約	n	advanced
consultation	相談・協議	n	developed
contradict	矛盾する	v	advanced
controversial	物議を醸す	adj	advanced
conventional	従来の	adj	developed
convert	変換する・転換する	v	developed
convince	納得させる	v	standard
cooperate	協力する	v	standard
coordinate	調整する・座標	v	developed
correlate	相関する	v	advanced
counterpart	対応するもの・相手方	n	advanced
credible	信頼できる	adj	advanced
criterion	基準	n	advanced
crucial	極めて重要な	adj	standard
cultivate	育てる・培う	v	advanced
debate	討論・討論する	n	standard
deduce	推論する	v	advanced
deliberate	意図的な・熟考する	adj	advanced
deprive	奪う	v	developed
derive	引き出す・由来する	v	standard
deteriorate	悪化する	v	advanced
deviation	逸脱・偏差	n	advanced
diminish	減少する	v	advanced
disclose	明らかにする	v	advanced
discrete	別個の	adj	hard
discriminate	差別する・識別する	v	advanced
disrupt	混乱させる・中断させる	v	advanced
diverse	多様な	adj	standard
dominate	支配する	v	standard
draft	草案・下書きする	n	standard
dynamic	動的な・活力に満ちた	adj	developed
efficient	効率的な	adj	standard
empirical	経験的な	adj	advanced
enforce	施行する・強制する	v	advanced
enhance	高める	v	standard
elaborate	詳しい・詳しく述べる	adj	advanced
eliminate	取り除く	v	standard
emphasize	強調する	v	standard
empower	権限を与える	v	advanced
encompass	含む・取り囲む	v	advanced
encounter	遭遇する・遭遇	v	developed
equivalent	同等の・同等物	adj	advanced
erode	侵食する・徐々に弱める	v	hard
essential	不可欠な	adj	standard
ethical	倫理的な	adj	developed
evacuate	避難させる・避難する	v	developed
evoke	呼び起こす	v	advanced
exaggerate	誇張する	v	advanced
exclude	除外する	v	standard
explicit	明白な・明示的な	adj	advanced
facilitate	容易にする・促進する	v	advanced
feasible	実行可能な	adj	advanced
fluctuate	変動する	v	advanced
formulate	策定する・定式化する	v	advanced
foster	育成する	v	advanced
framework	枠組み	n	advanced
fundamental	基本的な・根本的な	adj	standard
generate	生み出す	v	standard
genuine	本物の	adj	standard
globalization	世界化・グローバル化	n	advanced
grant	与える・助成金	v	standard
grasp	理解する・つかむ	v	developed
hazard	危険・危険要因	n	developed
hierarchy	階層構造	n	advanced
highlight	強調する・重要部分	v	standard
hypothesis	仮説	n	advanced
identical	同一の	adj	developed
implicit	暗黙の	adj	advanced
incidence	発生率・発生	n	advanced
incline	傾く・傾斜	v	advanced
inhibit	抑制する	v	advanced
initiate	開始する	v	advanced
innovative	革新的な	adj	developed
insight	洞察	n	developed
integrate	統合する	v	advanced
intense	激しい・強烈な	adj	standard
intervene	介入する	v	advanced
intrinsic	本質的な	adj	hard
invoke	発動する・呼び起こす	v	hard
isolate	孤立させる・分離する	v	developed
likewise	同様に	adv	advanced
legitimate	正当な	adj	advanced
likelihood	可能性	n	advanced
liberal	自由主義の・寛大な	adj	advanced
magnitude	大きさ・規模	n	advanced
manipulate	巧みに扱う・操作する	v	advanced
marginal	わずかな・周辺の	adj	advanced
mediate	仲裁する	v	hard
mere	単なる	adj	advanced
migration	移住・移動	n	standard
modify	修正する	v	standard
mutual	相互の	adj	standard
notion	概念・考え	n	standard
oblige	義務づける	v	advanced
offset	相殺する・埋め合わせ	v	advanced
ongoing	継続中の	adj	standard
paradigm	枠組み・パラダイム	n	hard
persistent	粘り強い・持続する	adj	advanced
plausible	もっともらしい	adj	advanced
precede	先行する	v	advanced
preliminary	予備の・準備的な	adj	advanced
presume	推定する	v	advanced
profound	深い・重大な	adj	advanced
prominent	著名な・目立つ	adj	advanced
proportion	割合・比率	n	standard
qualitative	質的な	adj	advanced
quantitative	量的な	adj	advanced
radical	根本的な・急進的な	adj	advanced
random	無作為の	adj	standard
rational	合理的な	adj	advanced
refine	改良する	v	advanced
reinforce	強化する	v	advanced
reluctant	気が進まない	adj	advanced
respective	それぞれの	adj	advanced
restore	回復させる	v	standard
restrain	抑制する	v	advanced
retain	保持する	v	developed
reveal	明らかにする	v	standard
rigid	硬直した・厳格な	adj	advanced
robust	頑健な・強固な	adj	hard
simulate	模擬する・再現する	v	advanced
simultaneous	同時の	adj	advanced
sophisticated	洗練された・高度な	adj	advanced
specify	明確に指定する	v	advanced
stable	安定した	adj	standard
statistic	統計値	n	standard
stimulate	刺激する	v	developed
substantial	かなりの・実質的な	adj	advanced
substitute	代替する・代用品	v	standard
suppress	抑える	v	advanced
sustain	維持する・支える	v	advanced
tangible	具体的な・触れる	adj	advanced
theoretical	理論上の	adj	advanced
thereby	それによって	adv	advanced
thereafter	その後	adv	advanced
threshold	閾値・境界	n	advanced
transmit	伝える・送信する	v	developed
transparent	透明な・明白な	adj	advanced
trigger	引き起こす・きっかけ	v	standard
undergo	経験する・受ける	v	advanced
unify	統一する	v	advanced
unprecedented	前例のない	adj	advanced
utilize	利用する	v	developed
valid	妥当な・有効な	adj	standard
variable	可変の・変数	adj	standard
verify	検証する	v	advanced
viable	実行可能な・存続可能な	adj	advanced
virtually	事実上	adv	advanced
voluntary	自発的な	adj	developed
vulnerable	影響を受けやすい	adj	advanced
whereas	その一方で	conj	advanced
widespread	広範囲に及ぶ	adj	standard
withdraw	撤回する・引き出す	v	developed
yield	産出する・譲る	v	advanced
abrupt	突然の	adj	advanced
absurd	ばかげた	adj	advanced
acute	鋭い・急性の	adj	advanced
adverse	不利な	adj	advanced
aesthetic	美的な	adj	advanced
aggravate	悪化させる	v	hard
allege	主張する・申し立てる	v	advanced
allocate	割り当てる	v	advanced
alteration	変更	n	advanced
amplify	増幅する	v	advanced
analogy	類推・たとえ	n	advanced
anomaly	異常・例外	n	hard
apparently	見たところ・どうやら	adv	standard
arbitrary	任意の・独断的な	adj	advanced
attribute	～のせいにする・属性	v	advanced
autonomous	自律した	adj	advanced
barrier	障壁	n	standard
betray	裏切る・漏らす	v	advanced
blossom	花・開花する	v	standard
broaden	広げる	v	standard
ceiling	天井	n	basic
certainty	確実性	n	standard
chronological	年代順の	adj	advanced
civic	市民の	adj	advanced
coarse	粗い	adj	advanced
coexist	共存する	v	advanced
cohesive	結束した	adj	hard
commence	開始する	v	advanced
commodity	商品・必需品	n	advanced
compassion	思いやり	n	advanced
competent	有能な	adj	advanced
compile	編集する・まとめる	v	advanced
complement	補完する・補完物	v	advanced
complexity	複雑さ	n	advanced
concurrent	同時発生の	adj	hard
confer	協議する・授与する	v	hard
confine	制限する	v	advanced
conform	従う・一致する	v	advanced
connotation	含意・言外の意味	n	hard
consent	同意・同意する	n	advanced
conserve	保存する	v	developed
contemplate	熟考する	v	hard
contrary	反対の・反対	adj	advanced
convey	伝える・運ぶ	v	advanced
conviction	確信・有罪判決	n	advanced
correspond	対応する・文通する	v	advanced
corrupt	腐敗した・堕落させる	adj	advanced
cumulative	累積的な	adj	hard
dedication	献身	n	advanced
depict	描写する	v	advanced
deploy	配置する・展開する	v	hard
devise	考案する	v	advanced
discerning	洞察力のある	adj	hard
discriminate	識別する	v	advanced
dispose	処分する・配置する	v	advanced
distort	歪める	v	advanced
draft	下書きを作る	v	standard
dramatic	劇的な・急激な	adj	standard
eligible	資格のある	adj	advanced
encounter	遭遇する	v	developed
enormous	巨大な	adj	standard
entail	伴う・必然的に含む	v	hard
equilibrium	均衡	n	hard
eruption	噴火・突発	n	developed
evacuate	避難する	v	developed
exceed	超える	v	standard
exceptional	並外れた	adj	advanced
exhibit	展示する・展示品	v	developed
exploit	利用する・搾取する	v	advanced
extensive	広範な	adj	advanced
extract	抽出する・抜粋	v	advanced
flaw	欠点・欠陥	n	advanced
fluctuation	変動	n	advanced
fragment	断片・分断する	n	standard
frustrate	挫折させる	v	advanced
fulfill	果たす	v	standard
futile	無駄な	adj	advanced
grief	悲しみ	n	standard
halt	停止する・停止	v	developed
harsh	厳しい	adj	standard
hinder	妨げる	v	advanced
holistic	全体論的な	adj	hard
illuminate	照らす・明らかにする	v	advanced
impose	課す	v	advanced
incentive	動機・奨励策	n	advanced
inclination	傾向・好み	n	advanced
inevitable	避けられない	adj	standard
infer	推論する	v	advanced
infrastructure	社会基盤	n	advanced
inherent	固有の	adj	hard
innovation	革新	n	developed
inquire	尋ねる・調査する	v	advanced
insufficient	不十分な	adj	developed
integrity	誠実さ・完全性	n	advanced
intact	無傷の・そのままの	adj	advanced
intermediate	中間の・中級の	adj	developed
intricate	複雑な	adj	hard
intrinsic	固有の	adj	hard
irrelevant	無関係な	adj	advanced
justify	正当化する	v	advanced
launch	開始する・打ち上げる	v	standard
likelihood	可能性	n	advanced
lucid	明快な	adj	hard
magnitude	規模・大きさ	n	advanced
mandatory	義務的な	adj	advanced
mature	成熟した・成熟する	adj	standard
mitigate	緩和する	v	hard
negligible	無視できるほど小さい	adj	hard
noteworthy	注目すべき	adj	advanced
obstacle	障害	n	standard
optimistic	楽観的な	adj	standard
outcome	結果	n	standard
paradox	逆説	n	advanced
perceive	認識する	v	advanced
persist	持続する・固執する	v	advanced
perspective	視点・遠近法	n	standard
predominant	支配的な	adj	hard
preserve	保存する・保護する	v	standard
prohibit	禁止する	v	advanced
prolong	長引かせる	v	advanced
promote	促進する・昇進させる	v	standard
prospect	見込み・見通し	n	standard
provoke	引き起こす・挑発する	v	advanced
radically	根本的に	adv	advanced
recover	回復する	v	standard
refute	反論して論破する	v	hard
regulate	規制する・調整する	v	advanced
reinforcement	強化・増援	n	advanced
relieve	安心させる・軽減する	v	standard
reside	居住する	v	advanced
resolve	解決する・決意する	v	standard
respective	それぞれの	adj	advanced
restore	回復する	v	standard
restrict	制限する	v	standard
restructure	再構築する	v	advanced
retrospect	回顧	n	hard
rigorous	厳密な	adj	hard
scarce	乏しい	adj	advanced
scrutinize	詳しく調べる	v	hard
seemingly	一見したところ	adv	advanced
sensible	分別のある	adj	standard
soar	急上昇する	v	advanced
solely	もっぱら	adv	advanced
spontaneous	自発的な	adj	advanced
stable	安定した	adj	standard
subsequent	その後の	adj	advanced
supplement	補足する・補足	v	advanced
surpass	上回る	v	advanced
suspend	一時停止する・吊るす	v	advanced
terminate	終える・終了させる	v	advanced
transform	変える	v	standard
transparent	透明な	adj	advanced
undermine	弱体化させる	v	advanced
unify	統一する	v	advanced
validate	妥当性を確認する	v	advanced
versatile	多用途の・多才な	adj	advanced
vigorous	活発な	adj	advanced
vital	極めて重要な・生命の	adj	standard
warrant	正当な理由・保証する	v	advanced
whereby	それによって	adv	advanced
withdrawal	撤退・引き出し	n	developed
withstand	耐える	v	advanced
yet	まだ・しかし	adv	basic
abide	従う・耐える	v	hard
abolish	廃止する	v	standard
accommodate	収容する・適応させる	v	standard
acknowledge	認める	v	standard
adverse	不利な	adj	advanced
affluent	裕福な	adj	advanced
agitate	動揺させる	v	hard
alienate	疎外する	v	hard
ambivalent	相反する感情を持つ	adj	hard
arbitrary	独断的な	adj	advanced
assimilate	同化する	v	hard
bewilder	困惑させる	v	advanced
bolster	強化する	v	hard
bypass	迂回する・回避する	v	developed
chronic	慢性的な	adj	advanced
circuit	回路・巡回	n	developed
collide	衝突する	v	standard
committed	熱心に取り組んでいる	adj	standard
contemplate	熟考する	v	hard
crucial	決定的に重要な	adj	standard
defer	延期する・従う	v	hard
degrade	悪化させる・格下げする	v	advanced
depict	描写する	v	advanced
disregard	無視する・無視	v	advanced
diverse	多様な	adj	standard
elevate	高める	v	advanced
embody	具体化する	v	hard
emerge	現れる	v	standard
endeavor	努力・努力する	v	advanced
endorse	支持する	v	advanced
enhancement	向上・強化	n	advanced
fascinating	魅力的な	adj	standard
formidable	手強い	adj	hard
forthcoming	来たるべき・近づいている	adj	advanced
friction	摩擦・対立	n	advanced
gathering	集まり	n	standard
hamper	妨げる	v	advanced
ideology	思想・イデオロギー	n	advanced
immerse	浸す・没頭させる	v	advanced
impartial	公平な	adj	hard
inhibit	抑制する	v	advanced
innovate	革新する	v	advanced
integral	不可欠な・積分の	adj	advanced
interfere	干渉する	v	standard
justify	正当化する	v	advanced
manifest	明白な・明らかにする	adj	hard
medieval	中世の	adj	developed
notable	注目すべき	adj	advanced
obscure	不明瞭な・見えにくくする	adj	advanced
omit	省略する	v	advanced
precise	正確な	adj	standard
profoundly	深く・大いに	adv	advanced
reconcile	調和させる・和解させる	v	hard
reliable	信頼できる	adj	standard
resilience	回復力	n	advanced
safeguard	保護する・安全策	v	advanced
simultaneously	同時に	adv	advanced
underlying	根底にある	adj	advanced
versus	対して・対	prep	standard
vague	曖昧な	adj	standard
vulnerable	傷つきやすい	adj	advanced
withstand	耐える	v	advanced
abbreviate	省略する	v	standard
abbreviation	略語・省略	n	standard
accidental	偶然の	adj	standard
accompanying	付随する	adj	developed
accordingly	それに応じて	adv	advanced
accountable	説明責任のある	adj	advanced
accumulate	蓄積する	v	developed
accusation	非難・告発	n	developed
accuse	非難する	v	standard
acquaint	知らせる・習熟させる	v	advanced
acquisition	獲得・取得	n	developed
adequacy	十分さ・適切さ	n	advanced
administrative	行政上の・管理の	adj	advanced
administrator	管理者	n	advanced
admission	入場・入学・認めること	n	standard
admittedly	認めざるを得ないことに	adv	advanced
adoption	採用・養子縁組	n	developed
adverse	不利な	adj	advanced
advisable	望ましい	adj	advanced
aesthetic	美的な	adj	advanced
affordability	手頃な価格であること	n	advanced
agriculturally	農業的に	adv	hard
alert	警戒して・警告する	adj	developed
alignment	整列・一致	n	advanced
allegedly	申し立てによれば	adv	advanced
alliance	同盟・連携	n	developed
allocate	割り当てる	v	developed
alteration	変更・改変	n	advanced
alternative	代替の・代替案	adj	standard
ambassador	大使	n	developed
ambiguity	曖昧さ	n	advanced
amplification	増幅	n	hard
analogous	類似した	adj	advanced
analytically	分析的に	adv	advanced
analyze	分析する	v	standard
annually	毎年	adv	standard
anonymous	匿名の	adj	advanced
anticipate	予想する	v	developed
apparatus	装置・器具	n	advanced
appealing	魅力的な	adj	standard
applicable	適用可能な	adj	advanced
appointment	約束・任命	n	standard
appreciation	感謝・正しい理解	n	developed
arbitrary	恣意的な・任意の	adj	advanced
architecture	建築・構造	n	standard
artificially	人工的に	adv	advanced
assert	主張する	v	advanced
assurance	保証・確信	n	advanced
astonish	驚かせる	v	standard
astonishing	驚くべき	adj	standard
attain	達成する	v	advanced
attainment	達成・到達	n	advanced
attribute	属性・～のせいにする	n	advanced
auditing	監査	n	hard
authenticity	真正性・本物であること	n	hard
automate	自動化する	v	advanced
availability	利用可能性	n	advanced
awareness	認識・自覚	n	developed
background	背景・経歴	n	basic
barrel	樽・1樽分	n	standard
basically	基本的に	adv	standard
beneficial	有益な	adj	standard
bizarre	奇妙な	adj	advanced
boundary	境界	n	developed
breakdown	崩壊・故障・内訳	n	standard
breathless	息を切らした	adj	advanced
broaden	広げる	v	standard
capable	能力がある	adj	standard
certainty	確実性	n	standard
chaotic	混沌とした	adj	advanced
characterize	特徴づける	v	advanced
chronology	年代学・年代順	n	hard
civilian	民間人・民間の	n	developed
clarification	明確化	n	advanced
classify	分類する	v	standard
coarse	粗い	adj	advanced
coincidence	偶然の一致	n	standard
collaboration	協力・共同研究	n	developed
collective	集団の・集団	adj	developed
commission	委員会・依頼する	n	standard
commitment	責任・献身・約束	n	developed
commodity	商品・日用品	n	advanced
comparable	比較できる・同等の	adj	advanced
compel	強いる	v	advanced
competence	能力・力量	n	advanced
competitive	競争力のある	adj	standard
complementary	補完的な	adj	advanced
complexity	複雑さ	n	advanced
compliance	順守	n	advanced
compromise	妥協・妥協する	n	standard
concentrate	集中する・濃縮する	v	standard
conception	概念・構想	n	advanced
concession	譲歩	n	advanced
conclusive	決定的な	adj	hard
concurrently	同時に	adv	hard
confidential	機密の	adj	advanced
configuration	構成・設定	n	advanced
conformity	一致・適合	n	advanced
confrontation	対立・直面	n	advanced
consecutive	連続した	adj	advanced
consensus	合意	n	advanced
conserve	保存する・節約する	v	standard
considerable	かなりの・相当な	adj	standard
consistently	一貫して	adv	advanced
consultant	顧問・コンサルタント	n	standard
consultative	相談の・助言的な	adj	hard
consume	消費する	v	standard
contaminate	汚染する	v	advanced
contemporary	現代の・同時代の	adj	advanced
contradiction	矛盾	n	advanced
controversy	論争	n	advanced
convenience	便利さ	n	standard
convergence	収束・集中	n	hard
convincing	説得力のある	adj	standard
cooperative	協力的な	adj	standard
coordinate	調整する・座標	v	developed
correspondence	一致・通信	n	advanced
corporate	企業の	adj	standard
counteract	対抗する・打ち消す	v	advanced
counterpart	対応するもの	n	advanced
credibility	信頼性	n	advanced
crucially	決定的に	adv	advanced
cultivation	栽培・育成	n	advanced
curiosity	好奇心	n	standard
customary	習慣的な	adj	advanced
dateline	日付変更線	n	hard
decisive	決定的な	adj	standard
deduce	推論する	v	advanced
deficiency	不足・欠乏	n	advanced
define	定義する	v	basic
deliberately	意図的に	adv	advanced
deny	否定する	v	standard
dependency	依存・従属	n	advanced
deprivation	剥奪・欠乏	n	advanced
desirable	望ましい	adj	advanced
detain	拘留する・引き留める	v	advanced
detection	発見・検出	n	developed
detective	探偵・探偵の	n	standard
developmental	発達上の	adj	advanced
devote	ささげる	v	standard
diagnostic	診断の	adj	advanced
dilemma	板挟み・難題	n	advanced
diplomatic	外交上の	adj	advanced
disadvantage	不利な点	n	standard
displace	取って代わる・移動させる	v	advanced
disposition	性質・配置	n	hard
distinction	区別・功績	n	standard
distribution	分配・分布	n	standard
documentary	記録映画・記録の	n	standard
domestic	国内の・家庭の	adj	standard
dramatically	劇的に	adv	advanced
durable	耐久性のある	adj	advanced
economically	経済的に	adv	standard
effective	効果的な	adj	basic
effectively	効果的に・事実上	adv	standard
elaborately	詳しく	adv	advanced
emission	排出・放出	n	standard
empirical	経験に基づく	adj	advanced
encouragement	励まし	n	standard
endeavor	努力する・努力	v	advanced
endure	耐える	v	advanced
enforceable	施行可能な	adj	hard
engagement	従事・婚約・約束	n	standard
enhancement	向上・強化	n	advanced
enormity	巨大さ・重大な悪事	n	hard
entitle	権利を与える・題名をつける	v	advanced
equation	方程式	n	standard
equitable	公平な	adj	hard
equivalent	同等の	adj	advanced
essentially	本質的に	adv	standard
estimation	推定	n	standard
ethical	倫理的な	adj	developed
evaluation	評価	n	standard
evidently	明らかに・どうやら	adv	advanced
exclusively	もっぱら・独占的に	adv	advanced
exert	行使する・努力する	v	advanced
exposure	露出・さらされること	n	developed
extension	拡張・延長	n	standard
extinction	絶滅	n	standard
extract	抽出する・抜粋	v	advanced
favorable	好意的な・有利な	adj	standard
feasibility	実行可能性	n	advanced
finite	有限の	adj	advanced
flexibility	柔軟性	n	advanced
flourish	栄える	v	advanced
fluency	流暢さ	n	advanced
formally	正式に	adv	standard
formulation	定式化・策定	n	advanced
forthcoming	間近の・今度の	adj	advanced
fragmentation	断片化	n	hard
frequency	頻度	n	standard
fundamentally	根本的に	adv	advanced
generate	生み出す	v	standard
governance	統治・ガバナンス	n	advanced
guideline	指針	n	standard
hence	それゆえに	adv	advanced
heterogeneous	異質な	adj	hard
homogeneous	均質な	adj	hard
ideological	思想上の	adj	advanced
illustrate	説明する・例証する	v	standard
immense	巨大な	adj	advanced
implement	実行する・実施する	v	advanced
implication	含意・影響	n	advanced
impose	課す	v	advanced
inaccessible	近づけない・利用できない	adj	advanced
incorporate	組み込む	v	advanced
induce	引き起こす・誘導する	v	advanced
inevitably	必然的に	adv	advanced
inference	推論	n	advanced
influential	影響力のある	adj	standard
inherent	固有の	adj	hard
innovator	革新者	n	advanced
insistence	主張・強要	n	advanced
institutional	制度上の	adj	advanced
instrumental	役立つ・器具の	adj	advanced
insulate	隔離する・断熱する	v	advanced
integral	不可欠な・積分の	adj	advanced
intensify	強める	v	advanced
interact	相互作用する	v	standard
interpretation	解釈	n	standard
interruption	中断	n	developed
intriguing	興味をそそる	adj	advanced
intrinsic	固有の・本質的な	adj	hard
invoke	引き合いに出す・発動する	v	hard
isolation	孤立・分離	n	advanced
justify	正当化する	v	advanced
landscape	景観・状況	n	standard
likewise	同様に	adv	advanced
literacy	識字能力・基礎知識	n	advanced
legislation	法律・立法	n	advanced
legitimate	正当な	adj	advanced
maintenance	維持・保守	n	standard
maximize	最大化する	v	advanced
mechanism	仕組み・機構	n	standard
migration	移住・移動	n	standard
minimize	最小化する	v	advanced
moderate	適度な・和らげる	adj	standard
monitor	監視する・監視装置	v	standard
multicultural	多文化の	adj	developed
notion	概念・考え	n	standard
objective	目的・客観的な	n	standard
occupational	職業上の	adj	advanced
ongoing	進行中の	adj	standard
optimize	最適化する	v	advanced
orientation	方向・志向	n	advanced
outward	外へ向かう	adv	standard
overall	全体的な・全体として	adj	standard
parliamentary	議会の	adj	advanced
partially	部分的に	adv	standard
persuasive	説得力のある	adj	advanced
phenomenon	現象	n	standard
pioneering	先駆的な	adj	advanced
portfolio	資料集・ポートフォリオ	n	advanced
precedent	前例	n	advanced
precision	正確さ・精密さ	n	advanced
predictive	予測の	adj	advanced
prevalent	普及している	adj	hard
priority	優先事項	n	standard
privatize	民営化する	v	advanced
proportionate	比例した	adj	advanced
prospective	将来の・見込みのある	adj	advanced
protocol	手順・規約	n	advanced
qualify	資格を得る・適格にする	v	standard
rationality	合理性	n	hard
reciprocal	相互の・逆数の	adj	hard
reconsider	再考する	v	advanced
reconstruct	再構築する	v	advanced
regulate	規制する・調整する	v	advanced
regulatory	規制上の	adj	advanced
relevance	関連性	n	advanced
residual	残りの・残留物	adj	hard
resilience	回復力・弾力性	n	advanced
restore	回復させる	v	standard
revolutionary	革命的な	adj	advanced
scope	範囲	n	standard
seemingly	一見したところ	adv	advanced
simplify	単純化する	v	standard
simultaneous	同時の	adj	advanced
sole	唯一の	adj	advanced
sophistication	洗練・高度さ	n	advanced
specification	仕様・明細	n	advanced
statistically	統計的に	adv	advanced
stimulus	刺激・刺激策	n	advanced
strategic	戦略的な	adj	standard
subordinate	下位の・従属させる	adj	hard
subsequently	その後	adv	advanced
substitute	代用品・代替する	n	standard
sufficiently	十分に	adv	standard
sustainable	持続可能な	adj	advanced
symbolic	象徴的な	adj	standard
systematic	体系的な	adj	advanced
temporal	時間的な	adj	hard
terminate	終了させる	v	advanced
thereby	それによって	adv	advanced
threshold	閾値	n	advanced
transformation	変革・変換	n	advanced
transmission	伝達・送信	n	advanced
underestimate	過小評価する	v	standard
undoubtedly	疑いなく	adv	advanced
unify	統一する	v	advanced
validate	妥当性を確認する	v	advanced
versatility	多用途性	n	advanced
visible	目に見える	adj	basic
voluntarily	自発的に	adv	advanced
widespread	広く行き渡った	adj	standard
workforce	労働力	n	standard
withdrawal	撤退・引き出し	n	developed
adversely	不利に	adv	advanced
aggressively	積極的に・攻撃的に	adv	advanced
alternatively	代わりに	adv	advanced
apparently	どうやら	adv	standard
appropriately	適切に	adv	standard
approximately	およそ	adv	standard
automatically	自動的に	adv	standard
basically	基本的に	adv	standard
broadly	広く・大まかに	adv	standard
comparatively	比較的	adv	advanced
consequently	その結果として	adv	advanced
considerably	かなり	adv	advanced
conventionally	慣習的に	adv	advanced
critically	批判的に・極めて重要に	adv	advanced
directly	直接	adv	basic
eventually	最終的に	adv	standard
frequently	頻繁に	adv	basic
generally	一般に	adv	basic
initially	最初は	adv	standard
largely	主として	adv	standard
mainly	主に	adv	basic
nevertheless	それにもかかわらず	adv	advanced
notably	特に・著しく	adv	advanced
partly	部分的に	adv	standard
presumably	おそらく	adv	advanced
primarily	主として	adv	advanced
relatively	比較的	adv	standard
significantly	著しく・重要なことに	adv	advanced
specifically	具体的に	adv	advanced
strongly	強く	adv	standard
typically	典型的に	adv	standard
ultimately	最終的に	adv	advanced
virtually	事実上	adv	advanced
widely	広く	adv	basic
academically	学問的に	adv	advanced
accurately	正確に	adv	standard
adequately	十分に	adv	advanced
collectively	集団的に	adv	advanced
comparably	同程度に	adv	advanced
concisely	簡潔に	adv	advanced
continually	継続的に	adv	standard
deliberately	意図的に	adv	advanced
explicitly	明示的に	adv	advanced
independently	独立して	adv	advanced
intensively	集中的に	adv	advanced
internally	内部で	adv	advanced
mutually	相互に	adv	advanced
openly	公然と	adv	standard
potentially	潜在的に	adv	advanced
precisely	正確に	adv	advanced
progressively	徐々に	adv	advanced
randomly	無作為に	adv	standard
reasonably	合理的に・かなり	adv	standard
regularly	定期的に	adv	basic
roughly	おおよそ	adv	standard
separately	別々に	adv	standard
severely	厳しく・ひどく	adv	advanced
similarly	同様に	adv	standard
strictly	厳密に	adv	advanced
successfully	首尾よく	adv	basic
technically	技術的に・厳密には	adv	advanced
traditionally	伝統的に	adv	standard
universally	普遍的に	adv	advanced
abandonment	放棄	n	developed
abundance	豊富さ	n	developed
acceleration	加速	n	developed
accessibility	利用しやすさ	n	advanced
accommodation	宿泊施設・適応	n	standard
accomplishment	達成	n	standard
accountability	説明責任	n	advanced
adaptability	適応性	n	advanced
administration	行政・管理	n	standard
advancement	進歩	n	developed
affection	愛情	n	standard
agriculture	農業	n	standard
allegation	申し立て・主張	n	advanced
allowance	手当・許容量	n	standard
applicant	応募者	n	standard
application	応募・適用・申請	n	basic
argument	議論・主張	n	basic
arithmetic	算数・算術	n	developed
arrangement	手配・配置	n	standard
aspiration	熱望・志	n	advanced
assistance	援助	n	basic
association	協会・関連	n	standard
attendance	出席	n	standard
authority	権威・権限	n	standard
awareness	自覚・認識	n	standard
capacity	能力・容量	n	standard
certainty	確実性	n	standard
cooperation	協力	n	basic
coordination	調整	n	advanced
creativity	創造性	n	standard
criterion	基準	n	advanced
decision	決定	n	basic
definition	定義	n	basic
demonstration	実演・証明	n	standard
dependency	依存	n	advanced
diversity	多様性	n	standard
documentation	文書・記録	n	advanced
effectiveness	有効性	n	advanced
efficiency	効率	n	advanced
emphasis	強調	n	standard
encounter	出会い・遭遇	n	standard
engagement	関与・婚約	n	standard
environmental	環境の	adj	standard
establishment	設立・施設	n	standard
evaluation	評価	n	standard
examination	試験・検査	n	basic
exception	例外	n	basic
expansion	拡大	n	standard
explanation	説明	n	basic
expression	表現	n	basic
factor	要因	n	basic
feature	特徴・特集	n	basic
foundation	基盤・財団	n	standard
functionality	機能性	n	advanced
growth	成長	n	basic
identification	識別・身元確認	n	standard
illustration	図解・説明	n	standard
implementation	実施・実装	n	advanced
importance	重要性	n	basic
independence	独立	n	standard
indication	兆候・指示	n	standard
infrastructure	社会基盤	n	advanced
instruction	指示・教育	n	basic
interaction	相互作用	n	standard
investment	投資	n	standard
justification	正当化・正当な理由	n	advanced
leadership	指導力	n	standard
limitation	制限・限界	n	standard
majority	大多数	n	basic
measurement	測定	n	standard
motivation	動機づけ	n	standard
necessity	必要性	n	standard
observation	観察	n	standard
participation	参加	n	standard
perception	認識・知覚	n	advanced
permission	許可	n	basic
possibility	可能性	n	basic
prediction	予測	n	standard
preference	好み・選好	n	standard
preparation	準備	n	basic
procedure	手順	n	standard
promotion	促進・昇進	n	standard
recognition	認識・表彰	n	standard
recommendation	推薦・勧告	n	standard
reduction	削減・低下	n	standard
relationship	関係	n	basic
representation	表現・代表	n	advanced
requirement	必要条件・要件	n	standard
researcher	研究者	n	basic
response	反応・回答	n	basic
restriction	制限	n	standard
revision	改訂・修正	n	advanced
security	安全・保障	n	basic
selection	選択	n	basic
significance	重要性・意義	n	advanced
solution	解決策・溶液	n	basic
strategy	戦略	n	standard
structure	構造	n	basic
submission	提出	n	standard
suggestion	提案	n	basic
summary	要約	n	basic
supportive	支持する・支援的な	adj	standard
technology	技術	n	basic
tendency	傾向	n	standard
transaction	取引	n	advanced
transition	移行	n	advanced
variation	変化・変動	n	standard
verification	検証	n	advanced
visibility	可視性・見えやすさ	n	advanced
vocabulary	語彙	n	basic
withdrawal	撤退・引き出し	n	developed
acclaim	称賛・絶賛する	v	advanced
acute	鋭い・深刻な	adj	advanced
adherence	順守・固守	n	hard
adjacent	隣接した	adj	advanced
admittedly	認めざるを得ないことに	adv	advanced
affluent	裕福な	adj	advanced
aggregate	集合・集計する	v	advanced
agitation	動揺・扇動	n	hard
albeit	～ではあるが	conj	hard
alienate	疎外する	v	hard
ambiguously	曖昧に	adv	hard
analogy	類推	n	advanced
anecdote	逸話・小話	n	advanced
anomaly	異常・例外	n	hard
antagonist	敵対者・対立者	n	hard
apathy	無関心	n	hard
applicable	適用できる	adj	advanced
aptitude	適性	n	advanced
arrogance	傲慢	n	advanced
articulation	明瞭な表現・連結	n	hard
assurance	保証・確信	n	advanced
attentive	注意深い	adj	standard
audacious	大胆不敵な	adj	hard
austerity	緊縮・質素	n	hard
avert	避ける	v	hard
axiom	公理・自明の理	n	hard
backlash	反発	n	advanced
ballot	投票・投票用紙	n	advanced
banish	追放する	v	advanced
barbaric	野蛮な	adj	advanced
befall	降りかかる	v	hard
bewilderment	困惑	n	advanced
biased	偏った	adj	standard
blatant	露骨な	adj	advanced
blunder	大失敗・へま	n	advanced
boast	自慢する・自慢	v	standard
breach	違反・破る	n	advanced
brisk	活発な・きびきびした	adj	advanced
brochure	パンフレット	n	standard
burdensome	負担の大きい	adj	hard
candid	率直な	adj	advanced
capitalize	活用する・大文字にする	v	advanced
ceasefire	停戦	n	advanced
censure	非難・非難する	v	hard
circumstance	状況・事情	n	standard
cite	引用する・挙げる	v	advanced
clarity	明瞭さ	n	standard
coerce	強制する	v	hard
coexistence	共存	n	advanced
coherent	首尾一貫した	adj	advanced
collaborative	協働の	adj	advanced
communal	共同の	adj	advanced
compassionate	思いやりのある	adj	advanced
compel	強いる	v	advanced
comprehensive	包括的な	adj	advanced
concede	認める・譲歩する	v	advanced
concessionary	譲歩の	adj	hard
conclusive	決定的な	adj	hard
confer	相談する・授与する	v	hard
confide	打ち明ける	v	advanced
conformity	一致・適合	n	advanced
conscientious	誠実な	adj	hard
constrain	制約する	v	advanced
contemplate	熟考する	v	hard
contingent	条件付きの・派遣団	adj	hard
contradictory	矛盾した	adj	advanced
conventionality	慣習性	n	hard
conviction	確信・有罪判決	n	advanced
copious	豊富な	adj	hard
corroborate	裏付ける	v	hard
courteous	礼儀正しい	adj	advanced
credulous	だまされやすい	adj	hard
cumulative	累積的な	adj	hard
curb	抑制する・抑制	v	advanced
daunting	気後れさせる	adj	advanced
deceive	だます	v	standard
decisively	決定的に	adv	advanced
decline	減少・断る	v	standard
defer	延期する・従う	v	hard
defy	逆らう	v	advanced
delegation	代表団・委任	n	advanced
delicate	繊細な・微妙な	adj	standard
depict	描写する	v	advanced
deprive	奪う	v	advanced
desolate	荒涼とした・荒廃させる	adj	hard
despise	軽蔑する	v	advanced
deter	思いとどまらせる	v	advanced
deterrent	抑止力	n	advanced
devastate	壊滅させる	v	advanced
diligent	勤勉な	adj	advanced
disclose	明らかにする	v	advanced
discourse	言説・講演	n	advanced
discretion	裁量・慎重さ	n	hard
disparity	格差	n	hard
disperse	分散させる	v	advanced
displace	取って代わる・移動させる	v	advanced
dispute	論争・論争する	n	standard
dissent	異議・異議を唱える	v	hard
distinctive	特徴的な	adj	advanced
diversify	多様化する	v	advanced
documentation	文書化・資料	n	advanced
dominant	支配的な	adj	standard
dormant	休眠中の・活動していない	adj	hard
dramatize	劇的に描く	v	advanced
dubious	疑わしい	adj	advanced
dynamic	動的な・活力のある	adj	developed
eccentric	風変わりな	adj	hard
efficiently	効率よく	adv	standard
elevate	高める	v	advanced
elicit	引き出す	v	hard
elusive	とらえにくい	adj	hard
embark	乗り出す・乗船する	v	advanced
embody	具体化する	v	hard
eminent	著名な	adj	hard
empowerment	権限付与・能力向上	n	advanced
enact	制定する・演じる	v	advanced
encompass	含む・取り囲む	v	advanced
endeavor	努力・努力する	v	advanced
endorsement	支持・承認	n	advanced
endow	授ける	v	hard
enforce	施行する	v	advanced
enigmatic	謎めいた	adj	hard
enrich	豊かにする	v	standard
ensure	確実にする	v	basic
entail	必然的に伴う	v	hard
entrenched	根深い	adj	hard
envisage	心に描く	v	hard
equity	公平・公正	n	advanced
eradicate	根絶する	v	hard
erode	侵食する	v	hard
escalate	拡大する・激化する	v	advanced
esteemed	尊敬される	adj	advanced
ethicality	倫理性	n	hard
equilibrium	均衡	n	hard
evade	逃れる・回避する	v	advanced
evoke	呼び起こす	v	advanced
exacerbate	悪化させる	v	hard
exempt	免除する・免除された	v	advanced
exertion	努力・発揮	n	advanced
exile	亡命・追放する	n	advanced
expenditure	支出	n	advanced
explicitly	明示的に	adv	advanced
exploitative	搾取的な	adj	hard
fabricate	捏造する・製作する	v	advanced
facilitation	促進・容易化	n	advanced
fallacy	誤った推論	n	hard
feasible	実行可能な	adj	advanced
fierce	激しい	adj	standard
flawed	欠陥のある	adj	advanced
fluctuate	変動する	v	advanced
foresee	予見する	v	advanced
formidable	手強い	adj	hard
frivolous	軽薄な	adj	hard
futile	無駄な	adj	advanced
galvanize	奮い立たせる	v	hard
genuine	本物の・誠実な	adj	standard
glimpse	ちらっと見る・片鱗	v	standard
glorify	美化する	v	advanced
gross	総計の・露骨な	adj	advanced
guarantee	保証・保証する	v	standard
haphazard	無計画な	adj	hard
harassment	嫌がらせ	n	advanced
heed	注意を払う	v	advanced
hierarchical	階層的な	adj	advanced
holistic	全体論的な	adj	hard
hostile	敵対的な	adj	standard
hypothetical	仮定の	adj	advanced
identifiable	識別可能な	adj	advanced
ignite	火をつける・刺激する	v	advanced
immature	未熟な	adj	standard
impartial	公平な	adj	hard
imperative	必須の・命令法	adj	advanced
implication	含意・影響	n	advanced
impoverish	貧しくする	v	hard
inaugurate	開始する・就任させる	v	hard
incidental	付随的な	adj	advanced
indispensable	不可欠な	adj	advanced
induce	引き起こす・誘導する	v	advanced
inefficient	非効率的な	adj	standard
inferior	劣った	adj	standard
insightful	洞察に富んだ	adj	advanced
insistent	強く主張する	adj	advanced
institution	制度・機関	n	basic
instrumentation	計装・器具類	n	hard
intimidate	脅す・怖がらせる	v	advanced
intricate	複雑な	adj	hard
intrude	侵入する	v	advanced
invalidate	無効にする	v	advanced
irreversible	不可逆的な	adj	hard
jeopardize	危険にさらす	v	hard
lament	嘆く・嘆き	v	hard
legacy	遺産・後世に残すもの	n	advanced
legitimate	正当な	adj	advanced
leverage	影響力・てこ・活用する	v	hard
liable	責任がある・～しやすい	adj	advanced
likeness	類似	n	advanced
linger	長く残る・ぐずぐずする	v	advanced
lucrative	もうかる	adj	hard
mandatory	義務的な	adj	advanced
manipulation	操作・巧みな扱い	n	advanced
marginalize	疎外する	v	hard
meticulous	細部まで注意深い	adj	hard
milestone	画期的出来事・節目	n	advanced
misleading	誤解を招く	adj	advanced
mitigate	和らげる	v	hard
moderation	節度・緩和	n	advanced
monopoly	独占	n	advanced
mundane	平凡な	adj	hard
negligent	怠慢な	adj	hard
notwithstanding	～にもかかわらず	prep	hard
obsolete	廃れた	adj	advanced
obstruct	妨げる	v	advanced
omission	省略・遺漏	n	advanced
opaque	不透明な・理解しにくい	adj	hard
optimism	楽観主義	n	standard
outcome	結果	n	standard
overlap	重なる・重複	v	standard
paradigm	典型・枠組み	n	hard
perpetual	永続的な	adj	hard
plausibility	もっともらしさ	n	hard
precarious	不安定な・危うい	adj	hard
precedent	前例	n	advanced
predominance	優勢	n	hard
prejudice	偏見・害する	n	standard
presume	推定する	v	advanced
prevalence	普及・有病率	n	hard
prioritize	優先する	v	advanced
proactive	先を見越した	adj	advanced
proficiency	熟達	n	advanced
prolong	長引かせる	v	advanced
propel	推進する	v	advanced
proponent	支持者	n	hard
proportional	比例した	adj	advanced
prosper	繁栄する	v	advanced
provoke	引き起こす・挑発する	v	advanced
radicalize	急進化させる	v	hard
reassess	再評価する	v	advanced
reciprocity	相互関係	n	hard
reconcile	調和させる・和解させる	v	hard
refute	反論して論破する	v	hard
regain	取り戻す	v	advanced
relevant	関連する	adj	standard
reluctance	気が進まないこと	n	advanced
remedy	治療・改善策	n	advanced
repercussion	反響・悪影響	n	hard
resilient	回復力のある	adj	advanced
restrain	抑制する	v	advanced
reverence	崇敬	n	hard
rigorous	厳密な	adj	hard
saturate	飽和させる	v	hard
scrutiny	精査	n	hard
segregate	分離する	v	hard
skeptical	懐疑的な	adj	advanced
solely	もっぱら	adv	advanced
spontaneously	自発的に	adv	advanced
stagnant	停滞した	adj	hard
stereotype	固定観念・固定観念化する	n	advanced
strategically	戦略的に	adv	advanced
subordinate	下位の・従属させる	adj	hard
subsequent	その後の	adj	advanced
substantially	大幅に・実質的に	adv	advanced
superficial	表面的な	adj	advanced
supplementary	補足の	adj	advanced
suppressive	抑制する	adj	hard
surveillance	監視	n	advanced
susceptible	影響を受けやすい	adj	hard
sustainability	持続可能性	n	advanced
tactic	戦術	n	standard
tendency	傾向	n	standard
terminate	終了させる	v	advanced
threshold	閾値	n	advanced
transcend	超越する	v	hard
transient	一時的な	adj	hard
transparent	透明な・明白な	adj	advanced
tremendous	ものすごい	adj	standard
trigger	引き起こす・きっかけ	v	standard
underlying	根底にある	adj	advanced
undermine	弱体化させる	v	advanced
unprecedented	前例のない	adj	advanced
unveil	明らかにする・披露する	v	advanced
uphold	支持する・維持する	v	advanced
validate	妥当性を確認する	v	advanced
versatile	多用途の・多才な	adj	advanced
vitality	活力	n	advanced
withstand	耐える	v	advanced
zealous	熱心な	adj	hard
abdicate	退位する・放棄する	v	hard
abstain	控える・棄権する	v	hard
accessory	付属品	n	standard
acquiesce	黙って従う	v	hard
adorn	飾る	v	advanced
adversity	逆境	n	advanced
affirm	断言する	v	advanced
amass	蓄える	v	advanced
appease	なだめる	v	hard
apprehension	不安・理解	n	hard
arouse	呼び起こす	v	advanced
ascend	上昇する	v	advanced
assertive	自己主張の強い	adj	advanced
attributable	起因すると考えられる	adj	advanced
augment	増大させる	v	hard
betrayal	裏切り	n	advanced
bypass	迂回する	v	standard
capitulate	屈服する	v	hard
cautious	用心深い	adj	standard
cease	やめる	v	advanced
coerce	強制する	v	hard
coincide	一致する	v	advanced
concede	認める	v	advanced
constrain	制約する	v	advanced
contend	主張する・競う	v	hard
conveyance	輸送・伝達	n	advanced
deceit	欺まん	n	hard
deem	みなす	v	hard
deliberation	熟考	n	advanced
deposition	供述・堆積	n	hard
descent	下降・家系	n	advanced
discretionary	裁量による	adj	hard
disruptive	混乱を招く	adj	advanced
dominance	支配・優勢	n	advanced
dwindle	徐々に減る	v	hard
embargo	禁輸・禁輸する	n	hard
empathy	共感	n	advanced
enactment	制定・演技	n	advanced
enforce	施行する	v	advanced
enigmatic	謎めいた	adj	hard
exploit	利用する・搾取する	v	advanced
foremost	最も重要な	adj	advanced
hamper	妨げる	v	advanced
hinder	妨げる	v	advanced
impoverished	貧困に陥った	adj	advanced
inadvertently	うっかり・不注意に	adv	hard
incur	被る・負う	v	hard
inequity	不公平	n	hard
inhibit	抑制する	v	advanced
inquire	尋ねる・調査する	v	advanced
insulate	隔離する・断熱する	v	advanced
intervene	介入する	v	advanced
intrinsic	本質的な	adj	hard
isolate	孤立させる	v	advanced
loathe	ひどく嫌う	v	hard
marginal	わずかな・周辺の	adj	advanced
mediate	仲裁する	v	hard
militant	好戦的な・闘士	adj	hard
novelty	目新しさ・新奇なもの	n	advanced
oblige	義務づける	v	advanced
pervasive	広がりのある	adj	hard
predicament	苦境	n	hard
recede	後退する	v	hard
refrain	控える・控えること	v	hard
relentless	容赦のない	adj	hard
requisite	必要条件	n	hard
revise	改訂する	v	standard
rigidity	硬直性	n	hard
scarcity	不足	n	advanced
scramble	急いで動く・奪い合い	v	standard
shatter	粉々にする・打ち砕く	v	advanced
simultaneously	同時に	adv	advanced
slump	急落・不振	n	advanced
stifle	抑える・窒息させる	v	hard
subside	弱まる・静まる	v	hard
suppress	抑える	v	advanced
surmount	克服する	v	hard
tolerate	許容する	v	standard
undermine	弱体化させる	v	advanced
unprecedented	前例のない	adj	advanced
uphold	支持する・維持する	v	advanced
viable	実行可能な	adj	advanced
vigorous	活発な	adj	advanced
warrant	正当な理由・保証する	v	advanced
wary	用心深い	adj	advanced
withhold	与えない・差し控える	v	advanced
widespread	広範囲に及ぶ	adj	standard
accidental	偶然の・意図しない	adj	standard
accommodate	収容する・対応する	v	standard
accomplishment	達成・業績	n	standard
accordingly	それに応じて・したがって	adv	standard
accumulate	蓄積する	v	standard
accurately	正確に	adv	standard
acknowledge	認める・認識する	v	standard
adaptation	適応・改作	n	standard
adequately	十分に・適切に	adv	standard
adjacent	隣接した	adj	standard
adjustment	調整・修正	n	standard
administrative	行政上の・管理上の	adj	standard
advocate	支持する・擁護する	v	standard
agricultural	農業の	adj	standard
allocate	割り当てる	v	standard
alteration	変更・改変	n	standard
ambiguous	曖昧な	adj	standard
amendment	修正・改正	n	standard
analogy	類推・類似	n	standard
analytical	分析的な	adj	standard
anticipation	予想・期待	n	standard
applicable	適用できる	adj	standard
arbitrary	恣意的な・任意の	adj	advanced
articulate	明確に表現する	v	advanced
assert	主張する	v	standard
assertion	主張・断言	n	standard
assessment	評価・査定	n	standard
assumption	仮定・思い込み	n	standard
attainable	達成可能な	adj	advanced
authentic	本物の・真正な	adj	standard
beneficial	有益な	adj	standard
coherent	首尾一貫した	adj	advanced
coincidence	偶然の一致	n	standard
collaborative	協力的な	adj	advanced
compelling	説得力のある	adj	advanced
comprehensive	包括的な	adj	advanced
conceivably	考えられる範囲では	adv	advanced
consecutive	連続した	adj	standard
considerably	かなり・相当に	adv	standard
consistent	首尾一貫した	adj	standard
constitute	構成する	v	advanced
constraint	制約	n	advanced
controversial	議論の分かれる	adj	advanced
controversy	論争	n	advanced
convey	伝える	v	standard
correspond	一致する・文通する	v	advanced
counterpart	対応するもの・相当するもの	n	advanced
credible	信頼できる	adj	advanced
criterion	基準	n	advanced
decline	減少する・断る	v	standard
degrade	低下させる・劣化する	v	advanced
deliberate	意図的な・熟考する	adj	advanced
demographic	人口統計の	adj	advanced
depict	描写する	v	advanced
devise	考案する	v	advanced
diminish	減少する・弱まる	v	advanced
discrete	個別の・離散的な	adj	hard
discrimination	差別・識別	n	advanced
displacement	置き換え・移動	n	advanced
distinctive	特徴的な	adj	advanced
diverse	多様な	adj	standard
dominant	支配的な	adj	advanced
dramatically	劇的に	adv	standard
durability	耐久性	n	advanced
efficiently	効率的に	adv	standard
elevate	高める	v	advanced	emission	排出・発行	n	advanced
empirical	経験的な	adj	hard
encompass	包含する	v	advanced
encounter	遭遇する・出会う	v	standard
enhance	高める・向上させる	v	standard
ensure	確実にする	v	standard
equivalent	同等の・同等物	adj	advanced
erode	侵食する・むしばむ	v	hard
essentially	本質的に	adv	standard
ethical	倫理的な	adj	advanced
evaluation	評価	n	standard
evoked	呼び起こした	adj	advanced
explicitly	明確に・露骨に	adv	advanced
exploit	利用する・搾取する	v	advanced
facilitate	促進する・容易にする	v	advanced
feasible	実行可能な	adj	advanced
fluctuate	変動する	v	advanced
formulate	公式化する・策定する	v	hard
forthcoming	差し迫った・まもなく出る	adj	hard
framework	枠組み	n	standard
fundamental	基本的な	adj	standard
generate	生み出す	v	standard
genuine	本物の・心からの	adj	standard
hierarchy	階層	n	advanced
hypothesis	仮説	n	advanced
identical	同一の	adj	standard
implement	実行する	v	advanced
implication	含意・影響	n	advanced
incentive	動機・奨励金	n	advanced
incidence	発生率・出来事	n	advanced
incorporate	取り入れる・組み込む	v	advanced
indispensable	不可欠な	adj	hard
inevitable	避けられない	adj	advanced
infer	推測する・推論する	v	advanced
inhibit	抑制する	v	hard
innovative	革新的な	adj	advanced
insight	洞察	n	advanced
integral	不可欠な・積分の	adj	hard
integrity	完全性・誠実さ	n	hard
intermediate	中間の・中間段階	n	standard
interpretation	解釈	n	standard
intervene	介入する	v	advanced
intrinsic	本質的な	adj	hard
isolate	孤立させる・分離する	v	standard
legitimate	正当な・合法の	adj	advanced
likewise	同様に	adv	standard
magnitude	大きさ・規模	n	advanced
manipulate	巧みに操作する・操る	v	hard
maximize	最大化する	v	advanced
mere	単なる	adj	standard
minimize	最小化する	v	advanced
moderately	適度に	adv	standard
nevertheless	それにもかかわらず	adv	standard
notably	注目すべきことに	adv	advanced
objective	客観的な・目的	adj	standard
obligation	義務	n	standard
obscure	曖昧な・世に知られていない	adj	hard
obtainable	入手可能な	adj	advanced
paradox	逆説	n	hard
parameter	パラメータ・範囲を決める要因	n	hard
perceive	知覚する・認識する	v	standard
persistent	持続する	adj	advanced
perspective	観点・見方	n	standard
plausible	もっともらしい	adj	advanced
precede	先行する	v	advanced
predominant	圧倒的に優勢な	adj	hard
preliminary	予備的な	adj	advanced
presumably	おそらく	adv	advanced
prioritize	優先順位をつける	v	advanced
profound	深い・重大な	adj	hard
proportionate	比例した	adj	hard
prospective	将来の・見込みの	adj	advanced
quantitative	量的な	adj	advanced
radical	根本的な・急進的な	adj	advanced
rational	合理的な	adj	advanced
refine	改良する・精製する	v	advanced
reinforce	強化する	v	advanced
reluctant	気が進まない	adj	standard
respectively	それぞれ	adv	standard
restore	回復させる	v	standard
retain	保持する	v	advanced
rigid	硬直した・厳格な	adj	advanced
simulate	模擬する	v	advanced
simultaneously	同時に	adv	advanced
sophisticated	洗練された・高度な	adj	advanced
subsequent	その後の	adj	advanced
substantially	かなり・大幅に	adv	advanced
substitute	代用する・代用品	v	standard
sufficiently	十分に	adv	standard
sustain	維持する・支える	v	advanced
tentative	暫定的な・仮の	adj	advanced
thereby	それによって	adv	hard
threshold	しきい値・境界	n	hard
transformation	変化・変革	n	advanced
undergo	経験する・受ける	v	advanced
undermine	弱体化させる	v	hard
unprecedented	前例のない	adj	hard
utilization	利用・活用	n	advanced
validity	妥当性・有効性	n	advanced
versatile	多用途の・万能な	adj	advanced
virtually	事実上	adv	standard
vulnerable	傷つきやすい・脆弱な	adj	advanced
whereby	それによって	conj	hard
widespread	広範囲にわたる	adj	standard
withdrawal	撤退・引き出し	n	advanced
yield	生み出す・譲る	v	advanced
abnormal	異常な	adj	standard
absorb	吸収する	v	standard
accelerated	加速された	adj	standard
accessible	利用しやすい・接近可能な	adj	standard
accusation	非難・告発	n	advanced
adequacy	十分さ・適切さ	n	advanced
adhere	固く守る・付着する	v	advanced
adverse	不利な・逆の	adj	advanced
aesthetic	美的な	adj	hard
aggregate	総計・集計する	v	advanced
albeit	～ではあるが	conj	hard
alert	警戒している・警告する	adj	standard
alienate	疎外する	v	hard
alleviate	軽減する	v	hard
amplify	増幅する	v	advanced
analogy	類推	 n	standard
appraisal	評価・査定	n	advanced
arise	生じる	v	standard
artifact	人工物・工芸品	n	advanced
assertive	断定的な	adj	advanced
assign	割り当てる	v	standard
attainment	達成・到達	n	advanced
authenticity	真正性・信頼性	n	hard
bias	偏見・偏り	n	standard
boundary	境界	 n	standard
bulk	大部分・かさ	n	standard
cease	やめる・終わる	v	advanced
clarify	明確にする	v	standard
coherent	首尾一貫した	adj	advanced
commence	開始する	v	advanced
comply	従う	v	advanced
comparable	比較可能な	adj	advanced
competence	能力・力量	n	advanced
complement	補完する・補完物	v	advanced
complexity	複雑さ	n	advanced
conceive	考えつく・妊娠する	v	hard
concurrent	同時に起こる	adj	hard
confine	制限する	v	advanced
conform	従う・一致する	v	advanced
consequently	その結果として	adv	standard
consideration	考慮	n	standard
constrain	制約する	v	advanced
consult	相談する・参照する	v	standard
contemporary	現代の・同時代の	adj	advanced
contradiction	矛盾	n	advanced
contrary	反対の・反して	adj	advanced
controversy	論争	n	advanced
conventional	従来の・慣習的な	adj	standard
convert	変換する	v	standard
conviction	確信・有罪判決	n	advanced
cooperate	協力する	v	standard
correlation	相関	n	advanced
cultivate	耕す・育てる	v	advanced
cumulative	累積的な	adj	advanced
deduce	差し引く・推論する	v	hard
deliberately	故意に	adv	advanced
delineate	輪郭を描く・明確に示す	v	hard
dependency	依存・依存関係	n	advanced
deviation	逸脱・偏差	n	hard
disclose	明らかにする	v	hard
discrete	個別の	adj	hard
disrupt	混乱させる・中断する	v	advanced
distinction	区別・卓越	n	advanced
diverse	多様な	adj	standard
documentation	文書・資料	n	advanced
domestic	国内の・家庭の	adj	standard
dynamic	動的な・力学的な	adj	advanced
elaborate	詳しく説明する・入念な	adj	advanced
eliminate	排除する	v	standard
empower	権限を与える	v	advanced
enhancement	向上・強化	n	advanced
enormous	巨大な	adj	standard
equation	方程式	n	standard
essential	不可欠な・本質的な	adj	standard
exceed	超える	v	standard
exclude	除外する	v	standard
exhibit	展示する・示す	v	standard
exploitative	搾取的な	adj	hard
extensive	広範囲の	adj	standard
extract	取り出す・抽出する	v	advanced
facilitation	促進・容易化	n	advanced
fluctuation	変動	n	advanced
forthcoming	来たるべき	adj	hard
foster	育成する・促進する	v	advanced
frustration	欲求不満・挫折	n	standard
fundamentally	根本的に	adv	advanced
gradual	徐々の	adj	standard
grant	与える・助成金	v	standard
guideline	指針	 n	standard
hence	それゆえに	adv	advanced
hinder	妨げる	v	advanced
holistic	全体論的な	adj	hard
identification	識別・同定	n	standard
illustrate	説明する・例証する	v	standard
immense	巨大な	adj	advanced
implement	実行する	v	advanced
inadequate	不十分な	adj	standard
incidence	発生・発生率	n	advanced
incline	傾ける・傾く	v	advanced
inherent	固有の	adj	hard
initiate	開始する	v	advanced
innovate	革新する	v	advanced
inspect	詳しく調べる	v	standard
integrate	統合する	v	advanced
intense	激しい・強烈な	adj	standard
intermediate	中級の・中間の	adj	standard
intrinsic	固有の	adj	hard
invoke	発動する・呼び起こす	v	hard
justify	正当化する	v	advanced
likelihood	可能性	n	advanced
logical	論理的な	adj	standard
marginal	周辺的な・わずかな	adj	hard
mechanism	仕組み	 n	standard
moderate	適度な・穏健な	adj	standard
mutual	相互の	adj	standard
neglect	無視する・怠る	v	standard
notion	概念・考え	n	standard
objective	目的・客観的な	adj	standard
overlap	重なる・重複	v	standard
paradigm	枠組み・パラダイム	n	hard
persist	持続する	v	advanced
prevalent	広く行き渡っている	adj	hard
preserve	保存する・維持する	v	standard
prohibit	禁止する	v	advanced
prominent	著名な・目立つ	adj	advanced
proportion	割合	 n	standard
prospect	見込み・見通し	n	standard
qualitative	質的な	adj	advanced
rationality	合理性	n	hard
reliable	信頼できる	adj	standard
reproduce	再現する・繁殖する	v	standard
reside	住む	v	advanced
restrain	抑える	v	advanced
retrieve	取り戻す・検索する	v	advanced
reveal	明らかにする	v	standard
reverse	逆にする・逆の	v	standard
scarce	不足している・希少な	adj	advanced
sequential	連続的な	adj	hard
significant	重要な・かなりの	adj	standard
simultaneous	同時の	adj	advanced
solely	もっぱら	adv	advanced
specify	明記する・特定する	v	standard
subordinate	従属した・部下	adj	hard
supplement	補う・補足	v	advanced
terminate	終わらせる	v	hard
transmit	伝える・送信する	v	advanced
trigger	引き起こす・きっかけ	v	standard
underlying	根底にある	adj	advanced
unify	統一する	v	advanced
valid	妥当な・有効な	adj	standard
viable	実行可能な	adj	advanced
welfare	福祉・幸福	 n	standard
whereas	～であるのに対して	conj	standard
wherever	どこで～しても	conj	standard
abolition	廃止	n	advanced
abrupt	突然の	adj	advanced
abruptly	突然に	adv	advanced
accidental	偶然の	adj	standard
accountable	説明責任のある	adj	hard
accumulate	蓄積する	v	standard
adaptive	適応性のある	adj	advanced
admittedly	認めざるを得ないが	adv	hard
aggregate	集計する・総計	v	advanced
analogous	類似した	adj	advanced
anticipate	予想する	v	standard
appreciable	かなりの・評価できる	adj	advanced
artificial	人工の・不自然な	adj	standard
assert	主張する	v	standard
attitude	態度	 n	standard
audit	監査・監査する	v	hard
autonomous	自律的な	adj	hard
bias	偏り・偏見	 n	standard
capability	能力	 n	advanced
compatible	互換性のある	adj	advanced
comparable	同等の・比較可能な	adj	advanced
compelling	強く人を動かす	adj	advanced
compliance	従うこと・遵守	 n	advanced
concentrate	集中する・濃縮する	v	standard
conceptual	概念的な	adj	advanced
concession	譲歩	 n	advanced
conclusive	決定的な	adj	hard
concrete	具体的な	adj	standard
confer	与える・相談する	v	hard
confine	制限する・閉じ込める	v	advanced
consensus	合意	 n	advanced
considerable	かなりの	adj	standard
constitute	構成する	v	advanced
consultation	相談・協議	 n	advanced
consumption	消費	n	standard
contradict	矛盾する	v	advanced
contribute	貢献する・寄付する	v	standard
controversial	議論の分かれる	adj	advanced
correspondence	通信・一致	 n	advanced
criterion	基準	 n	advanced
crucial	極めて重要な	adj	standard
decline	減少・衰退	 n	standard
deduction	控除・演繹	n	advanced
deficiency	不足・欠乏	n	advanced
depict	描写する	v	advanced
differentiate	区別する・差別化する	v	advanced
disposal	処分・廃棄	n	advanced
distribute	配布する	v	standard
diversity	多様性	n	standard
draft	下書き・草稿	 n	standard
duration	期間	n	standard
equilibrium	均衡	n	hard
equivalent	同等の	adj	advanced
evaluate	評価する	v	standard
exaggerate	誇張する	v	advanced
exclude	除外する	v	standard
exclusive	独占的な・唯一の	adj	advanced
exposure	さらされること	 n	advanced
facilitate	促進する	v	advanced
fraction	分数・一部	n	standard
funding	資金提供	n	standard
fundamental	根本的な	adj	standard
genuine	本物の	adj	standard
generate	生み出す	v	standard
hypothetical	仮想の・仮説上の	adj	hard
identical	全く同じ	adj	standard
implicit	暗黙の	adj	advanced
inclusion	包含・含有	n	advanced
inequality	不平等・不等式	n	advanced
infrastructure	社会基盤	 n	advanced
innovation	革新	 n	advanced
insightful	洞察力のある	adj	hard
integral	不可欠な・積分の	adj	hard
interact	相互作用する	v	standard
interpret	解釈する	v	standard
interrelated	相互に関連した	adj	hard
intricate	複雑な	adj	hard
legislative	立法の	adj	hard
legislation	法律・立法	n	advanced
maximize	最大化する	v	advanced
minimize	最小化する	v	advanced
mitigate	軽減する	v	hard
negotiation	交渉	n	advanced
notwithstanding	～にもかかわらず	prep	hard
objective	目的・客観的な	adj	standard
offset	相殺する・埋め合わせる	v	advanced
ongoing	進行中の	adj	standard
optimal	最適な	adj	advanced
orient	方向づける	v	advanced
paradigm	典型・枠組み	 n	hard
preliminary	予備の	adj	advanced
preserve	保存する・保護する	v	standard
prevalence	普及・有病率	 n	hard
prohibit	禁止する	v	advanced
promote	促進する・昇進させる	v	standard
protocol	手順・議定書	n	advanced
rationalize	合理化する	v	hard
recover	回復する	v	standard
refine	改良する	v	advanced
regulate	規制する・調整する	v	advanced
reinforce	強化する	v	advanced
reluctance	気が進まないこと	n	advanced
respective	それぞれの	adj	standard
restore	回復させる	v	standard
restrict	制限する	v	standard
retrospective	回顧的な	adj	hard
scenario	筋書き・想定される状況	n	advanced
stable	安定した	adj	standard
subsequent	後の	adj	advanced
sustainability	持続可能性	n	advanced
synthesize	統合してまとめる	v	hard
threshold	境界値・しきい値	n	hard
transform	変える・変形させる	v	standard
transparency	透明性	n	advanced
underestimate	過小評価する	v	advanced
validity	妥当性	 n	advanced
violate	違反する	v	advanced
whereby	それによって	conj	hard
withdraw	撤退する・引き出す	v	standard
accomplish	成し遂げる	v	standard
accurate	正確な	adj	standard
adapt	適応する・改作する	v	standard
adopt	採用する・養子にする	v	standard
annual	年1回の・毎年の	adj	standard
apparent	明らかな	adj	standard
apply	適用する・申し込む	v	standard
approximate	およその・近似する	adj	standard
arbitrary	任意の	adj	advanced
assist	助ける	v	standard
assure	保証する・安心させる	v	standard
attribute	～のせいにする・属性	v	advanced
automatic	自動の	adj	standard
aware	気づいている	adj	standard
cease	終わる・やめる	v	advanced
clarification	明確化	 n	advanced
code	規範・暗号化する	v	standard
collapse	崩壊する	v	standard
commodity	商品・日用品	n	advanced
comprehensive	包括的な	adj	advanced
conception	概念・構想	n	advanced
conduct	行う・行動	v	standard
conflict	対立・衝突	v	standard
consequence	結果	 n	standard
considerably	かなり	adv	standard
consistently	一貫して	adv	advanced
constraint	制約	 n	advanced
consult	相談する	v	standard
consumer	消費者	n	standard
contemporary	現代の	adj	advanced
convention	慣習・大会	 n	standard
coordinator	調整役	 n	advanced
corporate	企業の	adj	advanced
crucially	極めて重要なことに	adv	advanced
currency	通貨・普及	 n	standard
cycle	循環・周期	 n	standard
defensive	防御的な	adj	advanced
displacement	置換・移動	 n	advanced
dominance	支配・優勢	 n	advanced
dramatic	劇的な	adj	standard
durable	耐久性のある	adj	advanced
economical	経済的な・節約になる	adj	standard
educational	教育上の	adj	standard
effectively	効果的に	adv	standard
emerging	新興の	adj	advanced
enhance	高める	v	standard
ethical	倫理的な	adj	advanced
excessive	過度の	adj	advanced
exclusive	排他的な	adj	advanced
external	外部の	adj	standard
flexible	柔軟な	adj	standard
flourish	繁栄する	v	advanced
formulate	策定する	v	hard
frequency	頻度	 n	standard
global	世界的な	adj	standard
impair	損なう	v	hard
incentive	動機・奨励策	 n	advanced
incorporation	組み込み・法人化	 n	hard
indicate	示す	v	standard
inevitably	必然的に	adv	advanced
informative	有益な情報を含む	adj	standard
infrastructure	社会基盤	 n	advanced
initially	最初は	adv	standard
innovative	革新的な	adj	advanced
institutional	制度上の	adj	advanced
intensive	集中的な	adj	advanced
internal	内部の	adj	standard
interpretive	解釈の	adj	hard
interruption	中断	 n	standard
justification	正当化・正当な理由	 n	advanced
likelihood	可能性	 n	advanced
maintain	維持する	v	standard
modification	修正・変更	 n	standard
monitor	監視する・監視装置	v	standard
norm	規範・標準	 n	advanced
observation	観察	 n	standard
ongoing	継続中の	adj	standard
outcome	結果	 n	standard
participation	参加	 n	standard
persistent	粘り強い・持続する	adj	advanced
potential	可能性・潜在的な	adj	standard
precise	正確な	adj	standard
predictable	予測可能な	adj	standard
preference	好み・優先	 n	standard
profoundly	深く・大いに	adv	hard
proportion	割合	 n	standard
publication	出版・刊行物	 n	standard
recognition	認識・評価	n	standard
regulation	規制・規則	n	standard
relevant	関連のある	adj	standard
remarkably	著しく	adv	advanced
requirement	必要条件	 n	standard
resistant	抵抗力のある	adj	advanced
resourceful	機知に富んだ	adj	hard
sensitive	敏感な・繊細な	adj	standard
significantly	著しく	adv	standard
specification	仕様・明細	n	advanced
strategy	戦略	 n	standard
substantial	かなりの・実質的な	adj	advanced
subtle	微妙な	adj	advanced
sustainable	持続可能な	adj	advanced
temporal	時間の・一時的な	adj	hard
trend	傾向	 n	standard
underlying	根底にある	adj	advanced
universal	普遍的な	adj	standard
variation	変化・変異	 n	standard
verbal	言葉の・口頭の	adj	advanced
versus	～対～	prep	standard
warrant	正当な理由・正当化する	v	hard
wealth	富・財産	 n	standard
approximation	近似・概算	n	advanced
calculation	計算	 n	standard
classification	分類	 n	advanced
comparatively	比較的	adv	advanced
coordination	調整・協調	 n	advanced
correction	訂正	 n	standard
distribution	分配・分布	 n	standard
dominant	優勢な	adj	advanced
elimination	排除	 n	standard
estimation	推定	 n	standard
explanation	説明	 n	standard
exposure	露出・さらされること	 n	advanced
measurement	測定	 n	standard
prediction	予測	 n	standard
procedure	手順	 n	standard
reduction	減少・削減	 n	standard
selection	選択	 n	standard
solution	解決策・解答	 n	standard
substitution	代入・代用	 n	standard
transportation	輸送	 n	standard
uncertainty	不確実性	 n	advanced
utilize	利用する	v	standard
volume	体積・量・音量	 n	standard
adjunct	付加物・補助物	 n	hard
adverse	不利な	adj	advanced
aggregate	総計・集める	v	advanced
ambition	野心・大志	 n	standard
analytically	分析的に	adv	hard
apparent	明白な	adj	standard
asymmetry	非対称性	 n	hard
bias	偏り	 n	standard
causal	因果関係の	adj	advanced
chronological	年代順の	adj	advanced
coincide	同時に起こる・一致する	v	advanced
comparability	比較可能性	 n	hard
compatibility	互換性・適合性	 n	advanced
concentration	集中・濃度	 n	standard
conventional	従来の	adj	standard
corresponding	対応する	adj	standard
credible	信頼できる	adj	advanced
decrease	減少する・減少	v	standard
deliberation	熟考・審議	 n	hard
dependency	依存関係	 n	advanced
desirable	望ましい	adj	advanced
devastating	壊滅的な	adj	advanced
disclosure	開示	 n	hard
empowerment	権限付与・自信を与えること	 n	hard
encounter	出会う・遭遇	v	standard
exhibit	展示する・示す	v	standard
explicit	明白な	adj	advanced
feasible	実現可能な	adj	advanced
hypothesis	仮説	 n	advanced
implementation	実施・実装	 n	advanced
infrastructure	基盤設備	 n	advanced
inspection	検査	 n	standard
intention	意図	 n	standard
interaction	相互作用・交流	 n	standard
interference	干渉・妨害	 n	advanced
interior	内部・内部の	adj	standard
interval	間隔	 n	standard
legitimacy	正当性	 n	hard
mechanical	機械の・機械的な	adj	standard
methodology	方法論	 n	hard
motivation	動機	 n	standard
neutral	中立の	adj	standard
observable	観察可能な	adj	advanced
offset	相殺する	v	advanced
orientation	方向づけ・向き	 n	advanced
persistent	持続的な	adj	advanced
practical	実用的な	adj	standard
priority	優先事項	 n	standard
proximity	近接	 n	hard
reactive	反応性の・反応する	adj	advanced
reliability	信頼性	 n	advanced
replicate	複製する・再現する	v	advanced
restriction	制限	 n	standard
sensitivity	感度・敏感さ	 n	advanced
sequence	連続・順序	 n	standard
stability	安定性	 n	standard
statistical	統計的な	adj	advanced
subsequently	その後	adv	advanced
sufficient	十分な	adj	standard
technical	技術的な	adj	standard
technological	技術の	adj	standard
transmission	伝達・送信	 n	advanced
uncertain	不確かな	adj	standard
uncover	明らかにする	v	advanced
undertake	引き受ける・着手する	v	advanced
uniform	均一な	adj	advanced
variation	変化	 n	standard
verify	検証する	v	standard
withdrawal	撤退	 n	advanced
aggregate	総体の・集計する	v	advanced
approximate	近似する・およその	v	standard
attain	達成する	v	advanced
attribute	～のせいにする・属性	v	advanced
discretion	裁量・慎重さ	 n	hard
ethical	倫理上の	adj	advanced
externality	外部性	 n	hard
feasibility	実現可能性	 n	hard
implication	含意・影響	 n	advanced
inference	推論	 n	advanced
innovation	革新	 n	advanced
justifiable	正当化できる	adj	hard
magnitude	規模・大きさ	 n	advanced
negotiable	交渉可能な	adj	advanced
objective	目的	 n	standard
operational	運用上の	adj	advanced
prevalent	広く普及している	adj	hard
probability	確率・可能性	 n	standard
proposition	命題・提案	 n	hard
qualify	資格を与える・条件をつける	v	advanced
quantify	数量化する	v	advanced
randomly	無作為に	adv	standard
recession	不況	 n	advanced
reliable	信頼できる	adj	standard
representative	代表的な	adj	advanced
respective	それぞれの	adj	standard
rigor	厳密さ	 n	hard
specifically	具体的に	adv	standard
stereotype	固定観念	 n	advanced
subsidy	補助金	 n	hard
terminate	終了させる	v	hard
trajectory	軌道・経路	 n	hard
transition	移行	 n	standard
uncertainty	不確実性	 n	advanced
underlie	～の基礎となる	v	hard
utilitarian	功利主義の・実用的な	adj	hard
vulnerability	脆弱性	 n	hard
aggregate	合計する	v	advanced
ambivalence	両価的な感情	 n	hard
assertion	主張	 n	standard
auditability	監査可能性	 n	hard
concession	譲歩	 n	advanced
connotation	含意・言外の意味	 n	hard
contingent	条件付きの・偶発的な	adj	hard
corroborate	裏付ける	v	hard
cumulative	累積する	adj	advanced
delegation	委任	 n	advanced
determinant	決定要因	 n	hard
differentiate	区別する	v	advanced
discrepancy	不一致・食い違い	 n	hard
empirical	経験的な	adj	hard
exemplify	例証する	v	advanced
extrapolate	外挿する	v	hard
facilitate	促進する	v	advanced
implicit	暗黙の	adj	advanced
incompatible	両立しない	adj	advanced
induce	引き起こす・誘導する	v	advanced
inequity	不公平	 n	hard
inhibit	抑制する	v	hard
legislator	立法者	 n	advanced
metropolitan	大都市の	adj	advanced
normative	規範的な	adj	hard
optimal	最適な	adj	advanced
periodic	周期的な	adj	standard
plausibility	もっともらしさ	 n	hard
presumption	推定・推測	 n	advanced
proliferate	急増する	v	hard
rhetorical	修辞的な	adj	hard
scrutiny	精査	 n	hard
substantiate	裏付ける	v	hard
systematic	体系的な	adj	advanced
transformative	変革をもたらす	adj	hard
unavoidable	避けられない	adj	advanced
unprecedented	前例のない	adj	hard
validation	検証・妥当性確認	 n	advanced
viability	存続可能性・実行可能性	 n	hard
acquisition	取得・習得	n	standard
activation	活性化	n	advanced
adjacency	隣接	n	advanced
administration	管理・行政	n	standard
advancement	進歩・昇進	n	standard
allocation	割り当て	n	advanced
anticipatory	予想の・先を見越した	adj	hard
applicability	適用可能性	n	advanced
articulation	明瞭な表現・関節	 n	hard
attainability	達成可能性	n	hard
authorization	許可・認可	n	advanced
beneficiary	受益者	n	advanced
benchmark	基準・指標	n	advanced
causation	因果関係	n	hard
coherence	一貫性	n	advanced
collaboration	協力	n	standard
competitiveness	競争力	n	advanced
complementary	補完的な	adj	advanced
computation	計算	n	advanced
confidential	機密の	adj	advanced
congestion	混雑	n	standard
conservation	保全	 n	advanced
constraint	制約	n	advanced
consultant	相談役・コンサルタント	n	standard
contributor	貢献者・寄稿者	n	standard
coordination	調整・協調	n	advanced
corruption	腐敗	 n	advanced
credibility	信頼性	n	advanced
demonstration	実演・証明	n	standard
depletion	枯渇	 n	advanced
designation	指定・名称	 n	advanced
discretionary	裁量による	adj	hard
disruption	混乱・中断	n	advanced
document	文書化する・文書	n	standard
dynamics	力学・動向	 n	advanced
efficiency	効率	n	standard
enclosure	囲い・同封物	n	standard
endorsement	支持・承認	n	advanced
expenditure	支出	n	advanced
externalization	外部化	n	hard
flexibility	柔軟性	n	standard
formulation	策定・定式化	n	hard
furthermore	さらに	adv	standard
governance	統治・管理	n	advanced
implementation	実施・実装	n	advanced
incorporation	組み込み	 n	advanced
indication	兆候・表示	n	standard
inefficiency	非効率	 n	advanced
inheritance	相続・継承	n	advanced
inspection	検査	n	standard
institution	制度・機関	n	standard
intervention	介入	n	advanced
legislation	法律・立法	n	advanced
maintenance	維持・保守	n	standard
methodological	方法論上の	adj	hard
modification	変更	n	standard
negotiation	交渉	n	advanced
occurrence	発生	n	advanced
optimization	最適化	n	advanced
participate	参加する	v	standard
perception	認識・知覚	n	standard
persistence	持続・粘り強さ	n	advanced
prediction	予測	n	standard
productivity	生産性	n	advanced
proficiency	熟達	n	advanced
projection	予測・投影	n	advanced
promotion	促進・昇進	n	standard
proportionally	比例して	adv	advanced
publication	出版物	n	standard
qualification	資格・資質	n	standard
reconstruction	再構築	n	advanced
recovery	回復	n	standard
reduction	削減・減少	n	standard
refinement	改良・精製	n	advanced
regulator	調整装置・規制当局	n	advanced
reinforcement	強化	n	advanced
replacement	交換・代替	n	standard
representation	表現・代表	n	advanced
resistance	抵抗・抵抗力	n	standard
restoration	回復・修復	n	standard
retention	保持	n	advanced
revision	修正・改訂	n	standard
selection	選択	n	standard
simulation	模擬・シミュレーション	n	advanced
stabilize	安定させる	v	advanced
substitution	代用・代入	n	standard
supplementary	補足の	adj	advanced
suspicion	疑い	n	standard
termination	終了	n	advanced
transformation	変化・変革	n	advanced
translation	翻訳・移動	n	standard
transparency	透明性	n	advanced
unification	統一	n	advanced
verification	検証	n	standard
acclaim	称賛する・称賛	n	advanced
accustom	慣れさせる	v	advanced
accompany	伴う	v	standard
accomplish	成し遂げる	v	standard
accord	一致・協定	n	advanced
accountable	責任を負うべき	adj	hard
accuse	非難する・告発する	v	standard
acquaint	知らせる・精通させる	v	advanced
acquire	獲得する	v	standard
acquisition	獲得・習得	n	standard
acute	鋭い・深刻な	adj	advanced
adaptable	適応できる	adj	advanced
addiction	依存症・中毒	n	advanced
adequate	十分な・適切な	adj	standard
adjacent	隣接した	adj	standard
admission	入場・入学・承認	n	standard
adolescent	青年期の・青年	n	advanced
adverse	逆の・不利な	adj	advanced
advocate	擁護する・支持者	v	advanced
affordable	手頃な	adj	standard
afterward	その後	adv	standard
aggravate	悪化させる	v	hard
aggregate	総計・集計する	v	advanced
aggressive	攻撃的な・積極的な	adj	standard
agriculture	農業	n	standard
alertness	警戒心	n	advanced
alongside	～のそばに	prep	standard
alter	変える	v	standard
alternative	代替の・代案	adj	standard
amateur	素人・素人の	n	advanced
ambition	野心・大志	n	standard
amend	修正する	v	advanced
amid	～の真ん中に	prep	advanced
ancestor	祖先	n	standard
animation	動画・アニメーション	n	standard
anniversary	記念日・周年記念	n	standard
anonymous	匿名の	adj	advanced
anticipate	予想する	v	standard
appeal	訴える・魅力	v	standard
appetite	食欲	 n	standard
applause	拍手	 n	standard
appoint	任命する	v	standard
appreciate	感謝する・正しく理解する	v	standard
approximate	近似の・近似する	adj	standard
arouse	引き起こす・目覚めさせる	v	advanced
array	配列・一式	 n	advanced
assemble	組み立てる・集める	v	standard
assign	割り当てる	v	standard
assure	保証する・安心させる	v	standard
astonish	驚かせる	v	standard
attain	達成する	v	advanced
auction	競売・競売にかける	 n	advanced
authorize	認可する	v	advanced
autonomous	自律的な	adj	hard
awareness	意識・認識	 n	standard
awkward	気まずい・扱いにくい	adj	standard
bargain	掘り出し物・交渉する	 n	standard
barrier	障壁	 n	standard
behalf	代表して	 n	standard
beneficial	有益な	adj	standard
betray	裏切る	v	advanced
beware	用心する	v	standard
biological	生物学的な	adj	standard
blend	混ぜる・混合	v	standard
bless	祝福する	v	advanced
boast	自慢する・自慢	v	standard
bold	大胆な・太字の	adj	standard
boost	押し上げる・増加	v	standard
boundary	境界	 n	standard
breach	違反・破る	 n	advanced
broaden	広げる	v	standard
browser	ブラウザ・閲覧ソフト	n	basic
bulk	大部分・かさ	 n	standard
burden	負担	 n	standard
bureaucracy	官僚制度	 n	hard
calculate	計算する	v	standard
candidate	候補者	 n	standard
capture	捕らえる・捕獲	v	standard
casualty	犠牲者・死傷者	 n	advanced
ceiling	天井・上限	 n	standard
certainty	確実性	 n	advanced
challenge	挑戦・異議を唱える	v	standard
characterize	特徴づける	v	advanced
circulate	循環する・配る	v	advanced
civilian	民間人・民間の	 n	advanced
clarify	明確にする	v	standard
classify	分類する	v	standard
clause	節・条項	 n	standard
cluster	集団・群	 n	standard
coexist	共存する	v	advanced
collapse	崩壊する	v	standard
commodity	商品・日用品	 n	advanced
communal	共同の	adj	advanced
compassion	思いやり	 n	advanced
compatible	互換性のある	adj	advanced
compensate	補償する	v	advanced
compile	編集する・まとめる	v	hard
complement	補完物・補う	v	advanced
complex	複雑な・複合施設	adj	standard
compliment	褒め言葉・褒める	 n	standard
comply	従う	v	advanced
compose	構成する・作曲する	v	standard
comprehensive	包括的な	adj	advanced
compromise	妥協・妥協する	 n	standard
conceal	隠す	v	advanced
concede	認める・譲歩する	v	hard
conceive	考えつく・妊娠する	v	hard
concentrate	集中する・濃縮する	v	standard
condemn	非難する	v	advanced
confess	告白する	v	standard
confine	制限する	v	advanced
confront	立ち向かう	v	advanced
consecutive	連続した	adj	standard
consent	同意・同意する	 n	advanced
conserve	保存する・節約する	v	advanced
considerate	思いやりのある	adj	standard
consist	成り立つ	v	standard
consolidate	統合する・強固にする	v	hard
contaminate	汚染する	v	advanced
contemplate	熟考する	v	hard
contradict	矛盾する	v	advanced
contrary	反対の	adj	advanced
contribute	貢献する・寄付する	v	standard
controversial	議論の分かれる	adj	advanced
convenience	便利さ	 n	standard
converse	逆の・会話する	adj	advanced
convert	変換する・改宗させる	v	standard
convey	伝える	v	standard
convict	有罪判決を下す・囚人	v	advanced
convince	納得させる	v	standard
cooperate	協力する	v	standard
coordinate	調整する・座標	v	standard
correlate	相関する	v	advanced
correspond	一致する・文通する	v	advanced
courtesy	礼儀	 n	advanced
crucial	重要な	adj	standard
cultivate	耕す・育てる	v	advanced
curb	抑制する・縁石	v	advanced
cure	治す・治療法	v	standard
dazzle	まばゆくさせる	v	advanced
deceive	だます	v	standard
decline	減少・辞退する	v	standard
decrease	減少する・減少	v	standard
defect	欠陥・離脱する	 n	advanced
defy	逆らう	v	advanced
delicate	繊細な・壊れやすい	adj	standard
depict	描写する	v	advanced
derive	由来する・引き出す	v	advanced
detect	見つける・検出する	v	standard
devastate	壊滅させる	v	advanced
devote	ささげる	v	standard
display	展示する・表示	v	basic
dispose	処分する	v	advanced
distress	苦悩・苦しめる	 n	advanced
diverse	多様な	adj	standard
dominate	支配する	v	standard
dormant	休眠中の	adj	hard
elaborate	精巧な・詳しく述べる	adj	advanced
elective	選択の・選挙の	adj	hard
eligible	資格のある	adj	advanced
eliminate	排除する	v	standard
eloquent	雄弁な	adj	hard
emerge	現れる	v	standard
empathy	共感	 n	advanced
empirical	経験的な	adj	hard
encounter	遭遇する・出会い	v	standard
enforce	施行する・強制する	v	advanced
enormous	巨大な	adj	standard
enterprise	企業・事業	 n	standard
entitle	権利を与える・題名をつける	v	advanced
equivalent	同等の・同等物	adj	advanced
eradicate	根絶する	v	hard
evaluate	評価する	v	standard
evaporate	蒸発する	v	standard
evolve	進化する	v	standard
exaggerate	誇張する	v	advanced
exceed	超える	v	standard
exclude	除外する	v	standard
execute	実行する・執行する	v	advanced
exhibit	展示する・示す	v	standard
exploit	利用する・搾取する	v	advanced
facilitate	促進する	v	advanced
famine	飢饉	 n	standard
fascinate	魅了する	v	standard
flexible	柔軟な	adj	standard
flourish	繁栄する	v	advanced
forbid	禁じる	v	standard
forecast	予測・予測する	 n	standard
foster	育てる・促進する	v	advanced
fragile	壊れやすい	adj	standard
frustrate	挫折させる	v	standard
fundamental	基本的な	adj	standard
glimpse	ちらりと見る・ちらりと見えるもの	 n	standard
glorify	称賛する・栄光を与える	v	advanced
govern	統治する	v	standard
gradually	徐々に	adv	standard
grateful	感謝している	adj	basic
habitat	生息地	 n	standard
harmful	有害な	adj	basic
hazard	危険	 n	standard
heritage	遺産・伝統	 n	advanced
hesitate	ためらう	v	standard
hostile	敵意のある	adj	advanced
humble	謙虚な・質素な	adj	standard
identical	同一の	adj	standard
illustrate	説明する・例証する	v	standard
imitate	まねる	v	standard
immigrate	移住する	v	standard
impose	課す	v	advanced
impress	感銘を与える	v	basic
inadequate	不十分な	adj	standard
incidental	付随的な・偶然の	adj	advanced
incline	傾く・傾ける	v	advanced
incredible	信じられないほどすごい	adj	basic
induce	引き起こす	v	advanced
inevitable	避けられない	adj	advanced
infer	推論する	v	advanced
inhibit	抑制する	v	hard
initiate	開始する	v	advanced
innovate	革新する	v	advanced
inspect	詳しく調べる	v	standard
inspire	奮い立たせる・刺激する	v	standard
instinct	本能	 n	standard
integrate	統合する	v	advanced
interfere	干渉する・邪魔する	v	standard
intermediate	中間の・中級の	adj	standard
interpret	解釈する	v	standard
interrupt	中断する	v	standard
intricate	複雑な	adj	hard
isolate	隔離する・孤立させる	v	standard
justify	正当化する	v	advanced
keen	熱心な・鋭い	adj	standard
legitimate	正当な・合法の	adj	advanced
liberate	解放する	v	advanced
likewise	同様に	adv	standard
linger	長く残る・ぐずぐずする	v	advanced
marginal	周辺的な・わずかな	adj	hard
migrate	移住する	v	standard
modify	修正する	v	standard
notion	概念	 n	standard
oblige	義務づける・恩恵を施す	v	advanced
obscure	曖昧な・知られていない	adj	hard
occupy	占める	v	standard
omit	省略する	v	standard
ongoing	進行中の	adj	standard
oppose	反対する	v	standard
orient	方向づける	v	advanced
overlap	重なる・重複	v	standard
paradox	逆説	 n	hard
partial	部分的な・偏った	adj	standard
peculiar	特有の・奇妙な	adj	advanced
persistent	持続する・粘り強い	adj	advanced
perspective	観点	 n	standard
plausible	もっともらしい	adj	advanced
precede	先行する	v	advanced
prejudice	偏見	 n	standard
prohibit	禁止する	v	advanced
prominent	著名な・目立つ	adj	advanced
proportion	割合	 n	standard
prosper	繁栄する	v	advanced
pursue	追求する	v	standard
radical	根本的な・急進的な	adj	advanced
rational	合理的な	adj	advanced
reinforce	強化する	v	advanced
reluctant	気が進まない	adj	standard
reproduce	再現する・繁殖する	v	standard
rescue	救助する・救助	v	basic
reside	住む	v	advanced
retain	保持する	v	advanced
revive	復活させる	v	advanced
rigid	硬直した・厳格な	adj	advanced
rotate	回転する	v	standard
sacrifice	犠牲・犠牲にする	 n	standard
scarce	乏しい・希少な	adj	advanced
severe	厳しい・深刻な	adj	standard
shift	移す・変化	v	basic
skeptical	懐疑的な	adj	advanced
simultaneously	同時に	adv	advanced
sophisticated	洗練された・高度な	adj	advanced
spontaneous	自発的な	adj	hard
stabilize	安定させる	v	advanced
statistic	統計値	 n	standard
stimulate	刺激する	v	advanced
strain	負担・緊張させる	 n	standard
subsequent	その後の	adj	advanced
substitute	代用する・代用品	v	standard
suppress	抑える・抑圧する	v	advanced
sustain	維持する	v	advanced
temporary	一時的な	adj	standard
theoretical	理論上の	adj	advanced
therefore	したがって	adv	basic
thrive	繁栄する	v	advanced
tolerate	我慢する・許容する	v	standard
transmit	伝える・送信する	v	advanced
trigger	引き起こす・きっかけ	v	standard
ultimate	究極の・最終的な	adj	advanced
undergo	経験する・受ける	v	advanced
undermine	弱体化させる	v	hard
unify	統一する	v	advanced
unique	独特の	adj	standard
valid	妥当な	adj	standard
viable	実行可能な	adj	advanced
vital	極めて重要な	adj	standard
vulnerable	傷つきやすい・脆弱な	adj	advanced
widespread	広範囲に及ぶ	adj	standard
withdraw	撤退する・引き出す	v	standard
yield	生み出す・譲る	v	advanced
abandonment	放棄	n	developed
abbreviation	略語	n	standard
abolish	廃止する	v	standard
abundant	豊富な	adj	standard
academy	学問団体・学院	n	standard
acceptable	受け入れられる	adj	standard
accessible	利用可能な・接近できる	adj	standard
accomplished	熟達した・成し遂げた	adj	advanced
accounting	会計	n	advanced
accumulation	蓄積	n	advanced
adaptation	適応・改作	n	standard
adjourn	延期する	v	hard
administrative	管理上の	adj	standard
adolescent	思春期の・青年	n	advanced
adverse	不利な	adj	advanced
advocate	支持者・擁護する	v	advanced
affection	愛情・好意	n	standard
affordable	手頃な	adj	standard
agency	代理店・政府機関	n	standard
agenda	議題	 n	standard
alien	外国人・異質な	adj	advanced
allege	主張する・申し立てる	v	advanced
ambiguous	曖昧な	adj	advanced
amplify	増幅する	v	advanced
analogy	類推	 n	standard
analyze	分析する	v	standard
annual	毎年の	adj	standard
anonymous	匿名の	adj	advanced
anticipation	予想	 n	advanced
applicable	適用可能な	adj	advanced
appraisal	評価	 n	advanced
arbitrary	恣意的な・任意の	adj	advanced
architect	建築家・設計者	 n	standard
architecture	建築・構造	 n	standard
arena	競技場・活動の場	 n	standard
arise	生じる	v	standard
artificial	人工の	adj	standard
aspect	側面	 n	standard
assemble	組み立てる	v	standard
assurance	保証・確信	 n	advanced
attainable	達成可能な	adj	advanced
authentic	本物の	adj	standard
authority	権威・当局	 n	standard
automated	自動化された	adj	advanced
availability	利用可能性	 n	standard
ban	禁止・禁止する	 n	basic
barely	かろうじて	adv	standard
bias	偏見・偏り	 n	standard
breakthrough	画期的進展	 n	advanced
broadcast	放送する・放送	v	standard
capacity	能力・容量	 n	standard
causal	因果関係の	adj	advanced
coincidence	偶然の一致	 n	standard
collective	集団的な・集団	adj	standard
collide	衝突する	v	advanced
compassionate	思いやりのある	adj	advanced
competent	有能な	adj	advanced
compile	編集する	v	hard
complementary	補完的な	adj	advanced
concession	譲歩	 n	advanced
concrete	具体的な	adj	standard
consolidate	統合する	v	hard
constraint	制約	 n	advanced
contend	主張する・争う	v	hard
contrive	考案する・たくらむ	v	hard
controversy	論争	 n	advanced
convenient	便利な	adj	basic
corresponding	対応する	adj	standard
credible	信頼できる	adj	advanced
criterion	基準	 n	advanced
crucial	極めて重要な	adj	standard
cumulative	累積的な	adj	advanced
database	データベース	 n	basic
debate	討論・討論する	 n	standard
decisive	決定的な	adj	advanced
deficiency	不足	 n	advanced
define	定義する	v	standard
deprive	奪う	v	advanced
derivation	導出・派生	n	advanced
devise	考案する	v	advanced
discriminate	差別する・識別する	v	advanced
discrete	個別の・離散的な	adj	hard
disrupt	混乱させる	v	advanced
distinct	明確に異なる	adj	standard
distribute	分配する	v	standard
dominant	支配的な	adj	advanced
draft	草稿・下書き	 n	standard
dynamic	動的な・活発な	adj	advanced
efficient	効率的な	adj	standard
elaborate	入念な	adj	advanced
empower	権限を与える	v	advanced
enforce	施行する	v	advanced
enhancement	向上	 n	advanced
equilibrium	均衡	 n	hard
explicit	明確な	adj	advanced
exploitation	搾取・利用	n	advanced
exposure	さらされること・露出	 n	advanced
facilitate	容易にする	v	advanced
fluctuate	変動する	v	advanced
framework	枠組み	 n	standard
fundamental	根本的な	adj	standard
genuine	本物の	adj	standard
guideline	指針	 n	standard
hierarchy	階層	 n	advanced
hypothesis	仮説	 n	advanced
implementation	実施・実装	 n	advanced
implicit	暗黙の	adj	advanced
incentive	動機・奨励策	 n	advanced
incorporate	組み込む	v	advanced
inequality	不平等・不等式	 n	advanced
infrastructure	社会基盤	 n	advanced
innovative	革新的な	adj	advanced
inspect	検査する	v	standard
integrity	完全性・誠実さ	 n	hard
interaction	相互作用・交流	 n	standard
intervene	介入する	v	advanced
intrinsic	本質的な	adj	hard
invoke	発動する	v	hard
justify	正当化する	v	advanced
legislative	立法の	adj	hard
likelihood	可能性	 n	advanced
magnitude	大きさ・規模	 n	advanced
manipulate	巧みに操作する	v	hard
methodology	方法論	 n	hard
mutual	相互の	adj	standard
notwithstanding	～にもかかわらず	prep	hard
objective	客観的な・目的	adj	standard
optimal	最適な	adj	advanced
orientation	方向づけ	 n	advanced
outcome	結果	 n	standard
paradigm	枠組み・典型	 n	hard
persistent	持続的な	adj	advanced
plausible	もっともらしい	adj	advanced
preliminary	予備的な	adj	advanced
presumably	おそらく	adv	advanced
profound	深い・重大な	adj	hard
proportionate	比例した	adj	hard
qualitative	質的な	adj	advanced
quantitative	量的な	adj	advanced
radical	根本的な	adj	advanced
rational	合理的な	adj	advanced
refine	改良する・精製する	v	advanced
reliability	信頼性	 n	advanced
representative	代表的な・代表者	adj	advanced
respectively	それぞれ	adv	standard
retention	保持	 n	advanced
rigid	厳格な・硬直した	adj	advanced
scenario	想定・筋書き	 n	advanced
scrutiny	精査	 n	hard
simultaneous	同時の	adj	advanced
solely	もっぱら	adv	advanced
specify	特定する・明記する	v	standard
stability	安定性	 n	standard
subordinate	従属した・部下	adj	hard
subsequent	その後の	adj	advanced
substantial	かなりの・実質的な	adj	advanced
suppress	抑える	v	advanced
sustainability	持続可能性	 n	advanced
systematic	体系的な	adj	advanced
tentative	暫定的な	adj	advanced
thereby	それによって	adv	hard
threshold	しきい値・境界	 n	hard
trajectory	軌道・経路	 n	hard
transparency	透明性	 n	advanced
underlying	根底にある	adj	advanced
unprecedented	前例のない	adj	hard
utilitarian	功利主義の・実用的な	adj	hard
validation	検証・妥当性確認	 n	advanced
viability	存続可能性・実行可能性	 n	hard
welfare	福祉・幸福	 n	standard
whereby	それによって	conj	hard
accompanying	伴っている	adj	standard
achievement	達成・業績	n	standard
adventure	冒険	n	basic
advertise	宣伝する	v	basic
advertisement	広告	n	basic
afford	余裕がある	v	basic
afraid	恐れて	adj	basic
agency	代理店・機関	n	standard
aircraft	航空機	n	standard
airline	航空会社	n	basic
airport	空港	n	basic
alarm	警報・目覚まし	 n	basic
alcohol	アルコール	 n	basic
alley	路地	n	standard
allowance	小遣い・手当	n	standard
amaze	驚かせる	v	standard
amount	量・合計	 n	basic
ankle	足首	 n	standard
apartment	アパート	 n	basic
apology	謝罪	 n	standard
apparent	明らかな	adj	standard
appearance	外見・出現	 n	standard
appointment	予約・任命	 n	standard
apron	エプロン	 n	basic
architectural	建築上の	adj	advanced
argument	議論・主張	 n	basic
arrest	逮捕する・逮捕	 n	standard
arrival	到着	 n	basic
artificially	人工的に	adv	advanced
athlete	運動選手	 n	basic
attendant	係員・付き添い	n	standard
attendance	出席	 n	standard
attraction	魅力・観光名所	 n	basic
audience	観客・聴衆	 n	basic
author	著者	 n	basic
automobile	自動車	n	standard
available	利用できる	adj	basic
average	平均・平均的な	 n	basic
awareness	認識	 n	standard
background	背景・経歴	 n	basic
backward	後方へ・遅れた	adj	standard
bake	焼く	v	basic
balance	均衡・釣り合う	 n	basic
ballet	バレエ	 n	standard
bamboo	竹	 n	standard
battery	電池・バッテリー	 n	basic
battlefield	戦場	 n	advanced
behavior	行動	 n	basic
belonging	所属物・持ち物	 n	standard
benefit	利益・恩恵	 n	basic
beside	～のそばに	prep	basic
betrayal	裏切り	 n	advanced
bitter	苦い・つらい	adj	standard
blame	非難する・責任	v	standard
blanket	毛布	 n	basic
blind	目の見えない・盲目的な	adj	basic
blossom	花・花が咲く	 n	standard
board	板・乗り込む	 n	basic
boiler	ボイラー	 n	standard
borrow	借りる	v	basic
boss	上司	 n	basic
bother	悩ませる・わざわざ～する	v	basic
bravery	勇気	 n	standard
breath	息	 n	basic
breathe	呼吸する	v	basic
brick	れんが	 n	basic
brief	短い・簡潔な	adj	basic
brilliant	すばらしい・輝かしい	adj	basic
brochure	パンフレット	 n	standard
budget	予算・予算を組む	 n	standard
cabin	小屋・客室	 n	standard
calculate	計算する	v	standard
calendar	カレンダー	 n	basic
campaign	運動・キャンペーン	 n	standard
canal	運河	 n	standard
cancel	取り消す	v	basic
career	職業・経歴	 n	basic
carriage	車両・馬車	 n	standard
carve	彫る・切り分ける	v	standard
ceiling	天井	 n	standard
celebrate	祝う	v	basic
ceremony	式典	 n	standard
charity	慈善・慈善団体	 n	basic
cheer	歓声・元気づける	 n	basic
chemical	化学物質・化学の	 n	standard
childhood	子ども時代	 n	basic
chimney	煙突	 n	standard
citizen	市民	 n	basic
civilization	文明	 n	standard
climate	気候	 n	basic
colleague	同僚	 n	standard
colony	植民地・群生地	 n	advanced
comfortable	快適な	adj	basic
command	命令・命令する	 n	basic
commercial	商業の・広告	adj	standard
commission	委員会・手数料	 n	standard
communicate	伝える	v	basic
companion	仲間・同伴者	 n	standard
comparison	比較	 n	standard
competition	競争	 n	basic
complaint	不満・苦情	 n	standard
completion	完成・修了	 n	standard
concentrated	濃縮された・集中した	adj	advanced
condition	状態・条件	 n	basic
conference	会議	 n	basic
confidence	自信・信頼	 n	basic
confident	自信のある	adj	basic
confusion	混乱	 n	standard
connection	接続・関係	 n	basic
conservation	保全	 n	advanced
container	容器	 n	basic
content	内容・満足している	 n	basic
contest	競争・コンテスト	 n	basic
convenience	便利さ	 n	standard
conversation	会話	 n	basic
countryside	田舎	 n	basic
courage	勇気	 n	basic
creation	創造・作品	 n	standard
crime	犯罪	 n	basic
criminal	犯罪者・犯罪の	 n	basic
criticism	批判・評論	 n	standard
curiosity	好奇心	 n	standard
custom	習慣・特注品	 n	standard
damage	損害・損なう	 n	basic
dangerous	危険な	adj	basic
decade	10年間	 n	basic
decision	決定	 n	basic
decoration	装飾	 n	standard
defeat	打ち負かす・敗北	 n	basic
deliver	配達する・届ける	v	basic
demand	要求する・需要	v	basic
dependence	依存・独立していないこと	 n	standard
description	説明・描写	 n	basic
design	設計・設計する	 n	basic
destroy	破壊する	v	basic
detail	詳細	 n	basic
development	発展・開発	 n	basic
diet	食事・食事療法	 n	basic
direction	方向・指示	 n	basic
disease	病気	 n	basic
distance	距離	 n	basic
divide	分ける	v	basic
domestic	国内の・家庭の	adj	standard
dream	夢・夢見る	 n	basic
drug	薬・薬物	 n	basic
duplicate	複製・複製する	 n	standard
earthquake	地震	 n	basic
economy	経済・節約	 n	basic
ecosystem	生態系	 n	standard
element	要素・元素	 n	basic
emergency	緊急事態	 n	basic
emotion	感情	 n	basic
encouragement	励まし	 n	standard
engineering	工学	 n	standard
entertain	楽しませる	v	basic
entire	全体の・全体	adj	basic
environment	環境	 n	basic
environmental	環境の	adj	basic
episode	一つの出来事・話数	 n	standard
equality	平等	 n	standard
essay	随筆・小論文	 n	basic
eventually	最終的に	adv	standard
examination	試験・検査	 n	basic
excuse	言い訳・許す	 n	basic
exercise	運動・練習・行使する	 n	basic
experience	経験・経験する	 n	basic
experiment	実験・実験する	 n	basic
exploration	探検・探査	 n	standard
factory	工場	 n	basic
failure	失敗	 n	basic
fair	公平な・かなり	adj	basic
familiar	よく知られた	adj	basic
famous	有名な	adj	basic
farmer	農民	 n	basic
fashion	流行・方法	 n	basic
feature	特徴・特徴づける	 n	basic
festival	祭り・祝祭	 n	basic
fiction	小説・創作	 n	basic
fieldwork	実地調査	 n	advanced
financial	金融の	adj	standard
firework	花火	 n	basic
fisherman	漁師	 n	basic
flight	飛行・便	 n	basic
flood	洪水・氾濫する	 n	basic
fortune	財産・運	 n	standard
foundation	基礎・設立	 n	standard
freedom	自由	 n	basic
function	機能・機能する	 n	basic
gallery	美術館・画廊	 n	basic
garbage	ごみ	 n	basic
generous	寛大な	adj	basic
glory	栄光	 n	standard
government	政府	 n	basic
governor	知事	 n	standard
graduate	卒業する・卒業生	v	basic
graduation	卒業	 n	basic
grocery	食料雑貨	 n	basic
guarantee	保証する・保証	v	standard
guest	客	 n	basic
guidance	指導・案内	 n	standard
harbor	港・かくまう	 n	standard
headline	見出し	 n	basic
healthcare	医療	 n	standard
heaven	天国	 n	standard
height	高さ	 n	basic
heritage	遺産	 n	standard
highlight	目立たせる・重要箇所	 n	basic
historical	歴史上の	adj	basic
honest	正直な	adj	basic
honor	名誉・敬意を表する	 n	basic
horizon	地平線・水平線	 n	standard
hospitality	もてなし	 n	advanced
household	家庭・世帯	 n	basic
humor	ユーモア	 n	basic
ideal	理想・理想的な	 n	basic
ignore	無視する	v	basic
imagination	想像力	 n	basic
impact	影響・衝突	 n	basic
importance	重要性	 n	basic
improvement	改善	 n	basic
independent	独立した	adj	basic
individual	個人・個々の	 n	basic
industry	産業	 n	basic
influence	影響・影響を与える	 n	basic
information	情報	 n	basic
injury	けが	 n	basic
innocent	無実の・無邪気な	adj	basic
instruction	指示・教育	 n	basic
instrument	器具・楽器	 n	basic
insurance	保険	 n	standard
intelligence	知能	 n	standard
interest	興味・利子	 n	basic
international	国際的な	adj	basic
interview	面接・インタビューする	 n	basic
invitation	招待	 n	basic
involve	含む・関与させる	v	basic
journal	雑誌・日誌	 n	standard
journalism	報道	 n	advanced
journey	旅・旅をする	 n	basic
justice	正義・司法	 n	standard
knowledge	知識	 n	basic
labor	労働・労働する	 n	standard
landscape	景観・風景	 n	standard
language	言語	 n	basic
laughter	笑い	 n	basic
leader	指導者	 n	basic
literature	文学	 n	standard
location	場所・位置	 n	basic
majority	大多数	 n	basic
management	経営・管理	 n	basic
manufacture	製造する・製品	v	standard
material	材料・資料	 n	basic
meaningful	意味のある	adj	standard
medicine	薬・医学	 n	basic
memory	記憶	 n	basic
message	メッセージ	 n	basic
migration	移住・移動	 n	standard
minority	少数派・少数の	 n	basic
mistake	間違い	 n	basic
moral	道徳的な・教訓	adj	standard
movement	動き・運動	 n	basic
neighbor	近所の人・隣接する	 n	basic
network	ネットワーク	 n	basic
newspaper	新聞	 n	basic
notice	気づく・通知	v	basic
novel	小説・新しい	 n	basic
occasion	機会・場合	 n	basic
official	公式の・役人	adj	basic
opportunity	機会	 n	basic
ordinary	普通の	adj	basic
organization	組織・整理	 n	basic
origin	起源	 n	basic
package	小包・包む	 n	basic
participation	参加	 n	standard
patience	忍耐	 n	standard
permission	許可	 n	basic
personal	個人的な	adj	basic
personality	人格・性格	 n	basic
philosophy	哲学	 n	standard
photograph	写真・撮影する	 n	basic
planet	惑星	 n	basic
political	政治的な	adj	basic
population	人口	 n	basic
position	位置・立場	 n	basic
possibility	可能性	 n	basic
practice	練習・実践する	 n	basic
pressure	圧力・圧迫する	 n	basic
principle	原則・原理	 n	standard
privacy	プライバシー	 n	standard
problematic	問題のある	adj	advanced
process	過程・処理する	 n	basic
produce	生産する・農産物	 n	basic
profession	職業	 n	standard
progress	進歩・進む	 n	basic
project	計画・投影する	 n	basic
promise	約束・約束する	 n	basic
property	財産・特性	 n	basic
purpose	目的	 n	basic
quality	質・品質	 n	basic
quantity	量	 n	basic
reaction	反応	 n	basic
relationship	関係	 n	basic
religion	宗教	 n	basic
research	研究・研究する	 n	basic
responsibility	責任	 n	basic
review	再検討・復習する	 n	basic
revolution	革命・大変革	 n	standard
risk	危険・危険を冒す	 n	basic
routine	日課・定例の	 n	basic
salary	給料	 n	basic
sample	見本・標本	 n	basic
schedule	予定・予定を組む	 n	basic
science	科学	 n	basic
security	安全・安全保障	 n	basic
sentence	文・判決	 n	basic
service	サービス・奉仕	 n	basic
society	社会	 n	basic
source	源・資料	 n	basic
space	空間・宇宙	 n	basic
standard	基準・標準の	 n	basic
statement	声明・陳述	 n	basic
station	駅・局	 n	basic
status	地位・状態	 n	standard
structure	構造・構築する	 n	basic
success	成功	 n	basic
suggestion	提案	 n	basic
support	支援・支える	 n	basic
survey	調査・調査する	 n	basic
system	制度・体系	 n	basic
task	課題・仕事	 n	basic
technology	技術	 n	basic
tendency	傾向	 n	standard
theory	理論	 n	basic
tourism	観光	 n	standard
tradition	伝統	 n	basic
traffic	交通	 n	basic
training	訓練	 n	basic
transport	輸送する・輸送	 n	standard
travel	旅行・旅行する	 n	basic
treatment	治療・扱い	 n	basic
trust	信頼・信頼する	 n	basic
unemployment	失業	 n	standard
universe	宇宙	 n	standard
value	価値・評価する	 n	basic
victim	犠牲者	 n	standard
violence	暴力	 n	standard
visitor	訪問者	 n	basic
volunteer	ボランティア・志願する	 n	basic
wage	賃金	 n	standard
weather	天気	 n	basic
wisdom	知恵	 n	standard
witness	目撃者・目撃する	 n	standard
wonder	驚異・不思議に思う	 n	basic
workplace	職場	 n	standard
workshop	研修会・工房	 n	standard
adoptive	養子の・採用した	adj	advanced
educator	教育者	 n	standard
entrepreneur	起業家	 n	advanced
entrepreneurship	起業家精神	 n	hard
specialist	専門家	 n	standard
specialize	専門にする	v	standard
specialization	専門化	 n	advanced
professional	専門職の・専門家	adj	standard
professionally	専門的に	adv	advanced
academic	学問の・大学教員	adj	standard
academically	学問的に	adv	advanced
scholar	学者	 n	standard
scholarship	奨学金・学問	 n	standard
curriculum	教育課程	 n	advanced
syllabus	授業計画・シラバス	 n	advanced
semester	学期	 n	basic
assignment	課題・割り当て	 n	basic
lecture	講義・講義する	 n	basic
textbook	教科書	 n	basic
laboratory	研究室・実験室	 n	standard
experimentally	実験的に	adv	advanced
scientific	科学的な	adj	basic
scientist	科学者	 n	basic
physicist	物理学者	 n	standard
chemist	化学者	 n	standard
biologist	生物学者	 n	standard
psychologist	心理学者	 n	standard
sociologist	社会学者	 n	advanced
historian	歴史家	 n	standard
geographer	地理学者	 n	standard
politician	政治家	 n	basic
journalist	ジャーナリスト	 n	basic
editor	編集者	 n	standard
translator	翻訳者	 n	standard
interpreter	通訳者・解釈者	 n	standard
publisher	出版社・出版者	 n	standard
manufacturer	製造業者	 n	standard
researcher	研究者	 n	basic
analyst	分析家・アナリスト	 n	advanced
engineer	技術者	 n	basic
technician	技術者	 n	standard
programmer	プログラマー	 n	basic
developer	開発者	 n	basic
designer	設計者・デザイナー	 n	basic
operator	操作者・運営者	 n	standard
manager	管理者	 n	basic
administrator	管理者・行政官	 n	advanced
assistant	助手・アシスタント	 n	basic
secretary	秘書	 n	basic
employee	従業員	 n	basic
employer	雇用主	 n	basic
customer	顧客	 n	basic
client	依頼人・顧客	 n	standard
partner	相手・提携者	 n	basic
competitor	競争相手	 n	standard
consumer	消費者	 n	standard
producer	生産者	 n	standard
distributor	販売業者・配布者	 n	advanced
supplier	供給者	 n	standard
retailer	小売業者	 n	standard
merchant	商人	 n	advanced
investor	投資家	 n	standard
investment	投資	 n	standard
profit	利益	 n	basic
revenue	収益	 n	standard
expense	費用	 n	basic
income	収入	 n	basic
debt	借金	 n	basic
loan	融資・貸付	 n	basic
interest	利子・興味	 n	basic
tax	税金	 n	basic
budgetary	予算上の	adj	advanced
financially	財政的に	adv	advanced
economic	経済の	adj	basic
economist	経済学者	 n	standard
corporation	会社・法人	 n	standard
enterprise	企業・事業	 n	standard
industry	産業	 n	basic
sector	部門・分野	 n	basic
market	市場・売買する	 n	basic
product	製品・産物	 n	basic
consumerism	消費主義	 n	advanced
commerce	商業	 n	advanced
business	商売・事業	 n	basic
employment	雇用	 n	basic
occupation	職業・占有	 n	standard
career	職業・経歴	 n	basic
retirement	退職	 n	standard
promotion	昇進・促進	 n	standard
salary	給与	 n	basic
payment	支払い	 n	basic
purchase	購入・購入する	 n	basic
sale	販売・売却	 n	basic
stock	株・在庫	 n	standard
shareholder	株主	 n	advanced
contract	契約	 n	standard
agreement	合意・契約	 n	basic
negotiator	交渉人	 n	advanced
negotiation	交渉	 n	advanced
lawyer	弁護士	 n	basic
lawful	合法の	adj	advanced
illegal	違法な	adj	basic
court	裁判所・裁判	 n	basic
judge	裁判官・判断する	 n	basic
trial	裁判・試験	 n	basic
evidence	証拠	 n	basic
criminality	犯罪性	 n	hard
punishment	処罰	 n	standard
prison	刑務所	 n	basic
police	警察	 n	basic
authority	当局・権威	 n	standard
constitution	憲法・構成	 n	advanced
democracy	民主主義	 n	standard
republic	共和国	 n	standard
citizenship	市民権	 n	standard
election	選挙	 n	basic
voting	投票・投票すること	 n	basic
politics	政治	 n	basic
policy	政策・方針	 n	basic
reform	改革・改革する	 n	standard
protest	抗議・抗議する	 n	basic
rebel	反逆者・反抗する	 n	advanced
revolutionary	革命的な・革命家	adj	advanced
military	軍事の・軍隊	adj	standard
soldier	兵士	 n	basic
warfare	戦争・戦法	 n	advanced
weapon	武器	 n	standard
peaceful	平和的な	adj	basic
conflict	対立・衝突	 n	standard
crisis	危機	 n	basic
disaster	災害	 n	basic
resistance	抵抗	 n	standard
survival	生存	 n	standard
emergency	緊急事態	 n	basic
responder	対応者	 n	standard
rescue	救助	 n	basic
safety	安全	 n	basic
security	安全保障・警備	 n	basic
warning	警告	 n	basic
alarm	警報	 n	basic
risk	危険	 n	basic
insurance	保険	 n	standard
accident	事故	 n	basic
injured	けがをした	adj	basic
fatal	致命的な	adj	advanced
survivor	生存者	 n	standard
medical	医学の・医療の	adj	basic
diagnosis	診断	 n	standard
treatment	治療	 n	basic
symptom	症状	 n	basic
disease	病気	 n	basic
illness	病気	 n	basic
patient	患者・忍耐強い	 n	basic
doctor	医師	 n	basic
nurse	看護師	 n	basic
hospital	病院	 n	basic
clinic	診療所	 n	basic
medicine	薬・医学	 n	basic
health	健康	 n	basic
healthy	健康な	adj	basic
mental	精神の	adj	standard
physical	身体の・物理的な	adj	basic
psychological	心理的な	adj	standard
emotional	感情的な	adj	basic
nutrition	栄養	 n	standard
protein	タンパク質	 n	basic
vitamin	ビタミン	 n	basic
exercise	運動・練習	 n	basic
sleep	睡眠・眠る	 n	basic
stress	ストレス・圧力	 n	basic
recovery	回復	 n	standard
therapy	療法	 n	standard
surgery	手術	 n	standard
patiently	辛抱強く	adv	standard
